,RD501_LAAT_MKIII_Balls,NA,,738.819,9643.09,3.16009,007096,Error: No unit,RD501_LAAT_MKIII_Balls,2017,7,21,9,52
,RD501_opfor_unit_B1_pilot,NA,,2970.8,5144.46,2.0659,029051,Error: No vehicle,,2017,7,21,9,55
,RD501_Vulture,NA,,2969.92,5146.45,-1.64287,029051,Error: No vehicle,,2017,7,21,9,55
,RD501_Vulture,NA,,2990.65,5148.98,-2.34319,029051,5995,RD501_opfor_unit_B1_pilot,2017,7,21,9,55
,RD501_opfor_unit_B1_pilot,NA,,2991.08,5146.79,1.98124,029051,5995,RD501_opfor_unit_B1_pilot,2017,7,21,9,55
,RD501_cis_gat_aa,NA,,2620.78,3420.89,-0.0648332,026034,'Sledge',SWLB_clone_at_base_P2,2017,7,21,9,57
,RD501_opfor_unit_B1_crew,NA,,2620.78,3420.89,0,026034,'Sledge',SWLB_clone_at_base_P2,2017,7,21,9,57
,RD501_opfor_unit_B1_crew,NA,,2620.78,3420.89,0,026034,'Sledge',SWLB_clone_at_base_P2,2017,7,21,9,57
,RD501_Vulture,NA,,1669.05,8940.24,542.813,016089,CX-C Moony,JLTS_Clone_P2_DC15A_501,2017,7,21,9,57
,RD501_opfor_unit_B1_pilot,NA,,1671.24,8940.87,548.356,016089,CX-C Moony,JLTS_Clone_P2_DC15A_501,2017,7,21,9,57
,RD501_Vulture,NA,,2555.82,9903.28,757.627,025099,Jones,B_UAV_AI,2017,7,21,9,58
,RD501_opfor_unit_B1_pilot,NA,,2556.79,9901.25,763.89,025099,Jones,B_UAV_AI,2017,7,21,9,58
,RD501_opfor_unit_B1,NA,,2141.25,3218.18,0.00176525,021032,'Cookie',SWLB_clone_base_P2,2017,7,21,9,58
,RD501_Vulture,NA,,2496.67,3964.03,231.449,024039,CX-X Mulkot,JLTS_Clone_P2_DC15A_501,2017,7,21,9,58
,RD501_opfor_unit_B1_pilot,NA,,2497.65,3962.16,232.909,024039,CX-X Mulkot,JLTS_Clone_P2_DC15A_501,2017,7,21,9,58
,RD501_Vulture,NA,,2703.86,3805.51,226.608,027038,CX-X Mulkot,JLTS_Clone_P2_DC15A_501,2017,7,21,9,58
,RD501_opfor_unit_B1_pilot,NA,,2705.19,3804.46,233.155,027038,CX-X Mulkot,JLTS_Clone_P2_DC15A_501,2017,7,21,9,58
,RD501_opfor_unit_B1,NA,,2896.44,3383.36,0.00143909,028033,'Hunter',SWLB_clone_base_P2,2017,7,21,9,58
,SWLB_clone_base_P2,NA,,3072.39,3438.74,0.00143862,030034,81784,RD501_opfor_unit_B1,2017,7,21,9,58
,SWLB_clone_assault_base_P2,NA,,3075.33,3456.37,0.00143862,030034,6365,RD501_opfor_unit_B1_heavy,2017,7,21,9,58
,SWLB_clone_assault_base_P2,NA,,2130.99,2855.86,0.062397,021028,Masood,RD501_opfor_unit_B2_droid_Super,2017,7,21,9,58
,SWLB_clone_assault_base_P2,NA,,2100.92,2893.5,-0.115864,021028,Jawadi,RD501_opfor_unit_B2_droid_Standard,2017,7,21,9,58
,RD501_Vulture,NA,,-1411.43,9999.61,108.093,985099,CX-X Saltopus,JLTS_Clone_P2_DC15A_501,2017,7,21,9,58
,RD501_opfor_unit_B1_pilot,NA,,-1411.57,9997.34,113.818,985099,CX-X Saltopus,JLTS_Clone_P2_DC15A_501,2017,7,21,9,58
,Land_LampShabby_F,NA,,4761.02,2268.99,-3.48105,047022,Error: No vehicle,,2017,7,21,9,58
,,NA,,0,0,0,000000,Error: No vehicle,,2017,7,21,9,58
,,NA,,0,0,0,000000,Error: No vehicle,,2017,7,21,9,58
,,NA,,0,0,0,000000,Error: No vehicle,,2017,7,21,9,58
,,NA,,0,0,0,000000,Error: No vehicle,,2017,7,21,9,58
,,NA,,0,0,0,000000,Error: No vehicle,,2017,7,21,9,58
,SWLB_clone_base_P2,NA,,3079.06,3453.02,0.514796,030034,81814,RD501_opfor_unit_B1,2017,7,21,9,58
,,NA,,0,0,0,000000,Error: No vehicle,,2017,7,21,9,58
,SWLB_clone_engineer_base_P2,NA,,3076.38,3444.63,0.00143909,030034,0315,RD501_opfor_unit_B1_heavy,2017,7,21,9,58
,SWLB_clone_at_base_P2,NA,,3066.45,3450.26,0.0259428,030034,0315,RD501_opfor_unit_B1_heavy,2017,7,21,9,58
,SWLB_clone_assault_base_P2,NA,,3056.41,3459.37,0.00143909,030034,30923,RD501_opfor_unit_B1,2017,7,21,9,58
,,NA,,0,0,0,000000,Error: No vehicle,,2017,7,21,9,59
,JLTS_Clone_P2_corporal_501,NA,,7822.6,1615.56,0.0100615,078016,YBO1,RD501_opfor_unit_BX,2017,7,21,9,59
,JLTS_Clone_P2_marksman_501,NA,,7870.73,1693.06,-0.00125551,078016,00719,RD501_opfor_unit_B1_prototype,2017,7,21,9,59
,JLTS_Clone_P2_marksman_501,NA,,7828.44,1620.08,0.0303056,078016,34897,RD501_opfor_unit_BX,2017,7,21,9,59
,Land_LampShabby_F,NA,,6787.81,1046.94,-3.54441,067010,Roberts,B_UAV_AI,2017,7,21,9,59
,,NA,,0,0,0,000000,Error: No vehicle,,2017,7,21,9,59
,,NA,,0,0,0,000000,Error: No vehicle,,2017,7,21,9,59
,,NA,,0,0,0,000000,Error: No vehicle,,2017,7,21,9,59
,,NA,,0,0,0,000000,Error: No vehicle,,2017,7,21,9,59
,,NA,,0,0,0,000000,Error: No vehicle,,2017,7,21,9,59
,JLTS_Clone_P2_DC15A_501,NA,,7903.73,1691.46,0.00143886,079016,00719,RD501_opfor_unit_B1_prototype,2017,7,21,9,59
,,NA,,0,0,0,000000,Error: No vehicle,,2017,7,21,9,59
,JLTS_Clone_P2_medic_501,NA,,7875.96,1667.65,0.0259945,078016,08064,RD501_opfor_unit_B1_prototype,2017,7,21,9,59
,SWLB_clone_sg_base_P2,NA,,3103.72,3454.15,0.00143862,031034,55324,RD501_opfor_unit_B1,2017,7,21,9,59
,JLTS_Clone_P2_at_501,NA,,7921.03,1651.36,0.00143886,079016,08064,RD501_opfor_unit_B1_prototype,2017,7,21,9,59
,SWLB_clone_medic_base_P2,NA,,3077.02,3443.51,0.00143909,030034,Hakimi,RD501_opfor_unit_B2_droid_Standard,2017,7,21,9,59
,RD501_arc_170_razor,NA,,1664.82,3333.93,277.843,016033,Johnson,B_UAV_AI,2017,7,21,9,59
,SWLB_clone_sg_base_P2,NA,,3094.24,3458.54,0.00143862,030034,5995,RD501_opfor_unit_B1_AT_heavy,2017,7,21,9,59
CX-X Mulkot,JLTS_Clone_P2_DC15A_501,AIR,Razor 3-1 (D),1598.87,2848.54,338.709,015028,,JLTS_Clone_P2_DC15A_501,2017,7,21,9,59
,JLTS_Clone_P2_marksman_501,NA,,7948.39,1649.8,0.00143886,079016,CT - 5135,JLTS_Clone_P2_marksman_501,2017,7,21,9,59
,RD501_opfor_unit_BX,NA,,7767.49,1708.04,0.00143886,077017,CT - 1474,JLTS_Clone_P2_DC15A_501,2017,7,21,9,59
,RD501_opfor_unit_B1_prototype,NA,,7747.39,1709.72,0.00143886,077017,CT - 1474,JLTS_Clone_P2_DC15A_501,2017,7,21,9,59
,SWLB_clone_base_P2,NA,,2105.29,2968.56,0.00184631,021029,7000,RD501_opfor_unit_B1_heavy,2017,7,21,9,59
,RD501_LAAT_MKIII_Balls,NA,,283.024,8192.84,320.565,002081,1661,RD501_Vulture,2017,7,21,9,59
,SWLB_clone_base_P2,NA,,2109.62,2953.97,0.00169754,021029,67386,RD501_opfor_unit_B1,2017,7,21,9,59
,SWLB_clone_at_base_P2,NA,,3032.9,3321.63,0.00669575,030033,Masood,RD501_opfor_unit_B2_droid_Super,2017,7,21,9,59
,RD501_opfor_unit_B1_prototype,NA,,7742.81,1720.91,0.00143886,077017,CT - 1474,JLTS_Clone_P2_DC15A_501,2017,7,21,10,0
,RD501_opfor_unit_B1_prototype,NA,,7750.93,1700,0.00143886,077016,CT - 1474,JLTS_Clone_P2_DC15A_501,2017,7,21,10,0
,SWLB_clone_sg_base_P2,NA,,2103.22,2880.13,0.000648499,021028,7000,RD501_opfor_unit_B1_heavy,2017,7,21,10,0
,SWLB_clone_engineer_base_P2,NA,,2135.85,2911.6,0.00418854,021029,28650,RD501_opfor_unit_B1,2017,7,21,10,0
,JLTS_Clone_P2_DC15A_501,NA,,7885.18,1660.2,0.00143909,078016,YBO1,RD501_opfor_unit_BX,2017,7,21,10,0
,SWLB_clone_assault_base_P2,NA,,2994.3,3330.87,0.00143909,029033,2347,RD501_opfor_unit_B1_heavy,2017,7,21,10,0
,SWLB_clone_engineer_base_P2,NA,,2998.79,3319.3,0.639487,029033,22702,RD501_opfor_unit_B1,2017,7,21,10,0
,,NA,,0,0,0,000000,Error: No vehicle,,2017,7,21,10,0
,,NA,,0,0,0,000000,Error: No vehicle,,2017,7,21,10,0
,,NA,,0,0,0,000000,Error: No vehicle,,2017,7,21,10,0
,SWLB_clone_assault_base_P2,NA,,3019.62,3308,0.00143909,030033,Shah,RD501_opfor_unit_B2_droid_Super,2017,7,21,10,0
,SWLB_clone_base_P2,NA,,3019.58,3345.37,0.360175,030033,30923,RD501_opfor_unit_B1,2017,7,21,10,0
,SWLB_clone_medic_base_P2,NA,,3015.62,3311.92,0.203813,030033,Shah,RD501_opfor_unit_B2_droid_Super,2017,7,21,10,0
,SWLB_clone_at_base_P2,NA,,2113.74,2898.45,0.00145531,021028,28650,RD501_opfor_unit_B1,2017,7,21,10,0
,Land_BarGate_F,NA,,2725.46,3396.41,-4.05072,027033,Error: No vehicle,,2017,7,21,10,0
,,NA,,0,0,0,000000,Error: No vehicle,,2017,7,21,10,0
,,NA,,0,0,0,000000,Error: No vehicle,,2017,7,21,10,0
,,NA,,0,0,0,000000,Error: No vehicle,,2017,7,21,10,0
,,NA,,0,0,0,000000,Error: No vehicle,,2017,7,21,10,0
,,NA,,0,0,0,000000,Error: No vehicle,,2017,7,21,10,0
,,NA,,0,0,0,000000,Error: No vehicle,,2017,7,21,10,0
,,NA,,0,0,0,000000,Error: No vehicle,,2017,7,21,10,0
,,NA,,0,0,0,000000,Error: No vehicle,,2017,7,21,10,0
,SWLB_clone_sg_base_P2,NA,,2115.48,2895.78,0.00191116,021028,25627,RD501_opfor_unit_B1,2017,7,21,10,0
,JLTS_Clone_P2_DC15A_501,NA,,7907.85,1585.06,0.00123262,079015,14121,RD501_opfor_unit_B1_prototype,2017,7,21,10,0
,SWLB_clone_base_P2,NA,,2984.17,3254.09,-0.32653,029032,939,RD501_opfor_unit_B1_heavy,2017,7,21,10,1
,JLTS_Clone_P2_sergeantmajor_501,NA,,7927.27,1638.86,0.00143862,079016,YBO1,RD501_opfor_unit_BX,2017,7,21,10,1
,RD501_arc_170_razor,NA,,1532.6,8226.32,537.467,015082,Jones,B_UAV_AI,2017,7,21,10,1
CX-X Saltopus,JLTS_Clone_P2_DC15A_501,AIR,Razor 2-2 (B),2017.37,7022.02,1347.74,020070,,JLTS_Clone_P2_DC15A_501,2017,7,21,10,1
,RD501_Vulture,NA,,614.95,8201.29,56.567,006082,1661,RD501_opfor_unit_B1_pilot,2017,7,21,10,1
,RD501_opfor_unit_B1_pilot,NA,,614.378,8199.11,62.8211,006081,1661,RD501_opfor_unit_B1_pilot,2017,7,21,10,1
,Land_Airport_Tower_F,NA,,2571.38,3401.03,0.0536518,025034,13173,RD501_AAT_Brown,2017,7,21,10,1
,,NA,,0,0,0,000000,Error: No vehicle,,2017,7,21,10,1
,,NA,,0,0,0,000000,Error: No vehicle,,2017,7,21,10,1
,,NA,,0,0,0,000000,Error: No vehicle,,2017,7,21,10,1
,,NA,,0,0,0,000000,Error: No vehicle,,2017,7,21,10,1
,,NA,,0,0,0,000000,Error: No vehicle,,2017,7,21,10,1
,,NA,,0,0,0,000000,Error: No vehicle,,2017,7,21,10,1
,Land_Dum_rasovna,NA,,2850.25,3391.14,-0.306458,028033,89521,RD501_opfor_unit_B1_crew,2017,7,21,10,1
,,NA,,0,0,0,000000,Error: No vehicle,,2017,7,21,10,1
,,NA,,0,0,0,000000,Error: No vehicle,,2017,7,21,10,1
,,NA,,0,0,0,000000,Error: No vehicle,,2017,7,21,10,1
,,NA,,0,0,0,000000,Error: No vehicle,,2017,7,21,10,1
,,NA,,0,0,0,000000,Error: No vehicle,,2017,7,21,10,1
,,NA,,0,0,0,000000,Error: No vehicle,,2017,7,21,10,1
,,NA,,0,0,0,000000,Error: No vehicle,,2017,7,21,10,1
,,NA,,0,0,0,000000,Error: No vehicle,,2017,7,21,10,1
,Land_Sara_Domek_sedy,NA,,2857.27,3391.65,-0.765702,028033,89521,RD501_opfor_unit_B1_crew,2017,7,21,10,1
,,NA,,0,0,0,000000,Error: No vehicle,,2017,7,21,10,1
,,NA,,0,0,0,000000,Error: No vehicle,,2017,7,21,10,1
,,NA,,0,0,0,000000,Error: No vehicle,,2017,7,21,10,1
,,NA,,0,0,0,000000,Error: No vehicle,,2017,7,21,10,1
,,NA,,0,0,0,000000,Error: No vehicle,,2017,7,21,10,1
,,NA,,0,0,0,000000,Error: No vehicle,,2017,7,21,10,1
,,NA,,0,0,0,000000,Error: No vehicle,,2017,7,21,10,1
,,NA,,0,0,0,000000,Error: No vehicle,,2017,7,21,10,1
,RD501_opfor_unit_B1_heavy,NA,,2925.63,3353.9,-0.0734549,029033,'Koho',SWLB_clone_base_P2,2017,7,21,10,1
,RD501_opfor_unit_B1,NA,,2857.54,3387.06,-0.161251,028033,90247,RD501_AAT_Brown,2017,7,21,10,1
,SWLB_clone_RTO_base_P2,NA,,3127.49,3528.38,-0.341413,031035,Shah,RD501_opfor_unit_B2_droid_Super,2017,7,21,10,1
,SWLB_clone_sg_base_P2,NA,,3003.88,3321.29,0.00143862,030033,9443,RD501_opfor_unit_B1_AT_heavy,2017,7,21,10,1
,Land_Deutshe_mini,NA,,2988.12,3332.25,-1.16618,029033,44032,RD501_opfor_unit_B1_crew,2017,7,21,10,1
,,NA,,0,0,0,000000,Error: No vehicle,,2017,7,21,10,1
,,NA,,0,0,0,000000,Error: No vehicle,,2017,7,21,10,1
,,NA,,0,0,0,000000,Error: No vehicle,,2017,7,21,10,1
,,NA,,0,0,0,000000,Error: No vehicle,,2017,7,21,10,1
,,NA,,0,0,0,000000,Error: No vehicle,,2017,7,21,10,1
,,NA,,0,0,0,000000,Error: No vehicle,,2017,7,21,10,1
,,NA,,0,0,0,000000,Error: No vehicle,,2017,7,21,10,1
,,NA,,0,0,0,000000,Error: No vehicle,,2017,7,21,10,1
,Land_Deutshe_mini,NA,,3019.64,3325.94,-1.16648,030033,44032,RD501_opfor_unit_B1_crew,2017,7,21,10,1
,,NA,,0,0,0,000000,Error: No vehicle,,2017,7,21,10,1
,,NA,,0,0,0,000000,Error: No vehicle,,2017,7,21,10,1
,,NA,,0,0,0,000000,Error: No vehicle,,2017,7,21,10,1
,,NA,,0,0,0,000000,Error: No vehicle,,2017,7,21,10,1
,,NA,,0,0,0,000000,Error: No vehicle,,2017,7,21,10,1
,,NA,,0,0,0,000000,Error: No vehicle,,2017,7,21,10,1
,,NA,,0,0,0,000000,Error: No vehicle,,2017,7,21,10,1
,Land_LampShabby_F,NA,,2725.27,3391.7,0.000144958,027033,45265,RD501_opfor_unit_B1_crew,2017,7,21,10,1
,Land_Hlidac_budka,NA,,2727.8,3392.17,0.000924587,027033,45265,RD501_opfor_unit_B1_crew,2017,7,21,10,1
,,NA,,0,0,0,000000,Error: No vehicle,,2017,7,21,10,1
,,NA,,0,0,0,000000,Error: No vehicle,,2017,7,21,10,1
,,NA,,0,0,0,000000,Error: No vehicle,,2017,7,21,10,1
,,NA,,0,0,0,000000,Error: No vehicle,,2017,7,21,10,1
,,NA,,0,0,0,000000,Error: No vehicle,,2017,7,21,10,1
,,NA,,0,0,0,000000,Error: No vehicle,,2017,7,21,10,1
,,NA,,0,0,0,000000,Error: No vehicle,,2017,7,21,10,1
,,NA,,0,0,0,000000,Error: No vehicle,,2017,7,21,10,1
,,NA,,0,0,0,000000,Error: No vehicle,,2017,7,21,10,1
,,NA,,0,0,0,000000,Error: No vehicle,,2017,7,21,10,1
,,NA,,0,0,0,000000,Error: No vehicle,,2017,7,21,10,1
,,NA,,0,0,0,000000,Error: No vehicle,,2017,7,21,10,1
,,NA,,0,0,0,000000,Error: No vehicle,,2017,7,21,10,1
,SWLB_clone_sg_base_P2,NA,,3016.32,3322.4,0.00143862,030033,09933,RD501_AAT_Brown,2017,7,21,10,1
,,NA,,0,0,0,000000,Error: No vehicle,,2017,7,21,10,1
,,NA,,0,0,0,000000,Error: No vehicle,,2017,7,21,10,1
,Land_LampShabby_F,NA,,3007.21,3342.06,-3.51271,030033,48510,RD501_opfor_unit_B1_crew,2017,7,21,10,2
,Land_Dum_rasovna,NA,,3009.92,3329.12,-0.0476789,030033,48510,RD501_opfor_unit_B1_crew,2017,7,21,10,2
,,NA,,0,0,0,000000,Error: No vehicle,,2017,7,21,10,2
,,NA,,0,0,0,000000,Error: No vehicle,,2017,7,21,10,2
,Land_LampShabby_F,NA,,3022.54,3328.4,-3.77577,030033,48510,RD501_opfor_unit_B1_crew,2017,7,21,10,2
,Land_seno_balik,NA,,3035.67,3336.24,-0.45173,030033,48510,RD501_opfor_unit_B1_crew,2017,7,21,10,2
,Land_seno_balik,NA,,3037.33,3335.42,-0.0607872,030033,48510,RD501_opfor_unit_B1_crew,2017,7,21,10,2
,Land_Sara_domek_zluty,NA,,3039.64,3323.91,-0.447362,030033,48510,RD501_opfor_unit_B1_crew,2017,7,21,10,2
,,NA,,0,0,0,000000,Error: No vehicle,,2017,7,21,10,2
,,NA,,0,0,0,000000,Error: No vehicle,,2017,7,21,10,2
,,NA,,0,0,0,000000,Error: No vehicle,,2017,7,21,10,2
,,NA,,0,0,0,000000,Error: No vehicle,,2017,7,21,10,2
,,NA,,0,0,0,000000,Error: No vehicle,,2017,7,21,10,2
,,NA,,0,0,0,000000,Error: No vehicle,,2017,7,21,10,2
,,NA,,0,0,0,000000,Error: No vehicle,,2017,7,21,10,2
,,NA,,0,0,0,000000,Error: No vehicle,,2017,7,21,10,2
,,NA,,0,0,0,000000,Error: No vehicle,,2017,7,21,10,2
,,NA,,0,0,0,000000,Error: No vehicle,,2017,7,21,10,2
,,NA,,0,0,0,000000,Error: No vehicle,,2017,7,21,10,2
,,NA,,0,0,0,000000,Error: No vehicle,,2017,7,21,10,2
,,NA,,0,0,0,000000,Error: No vehicle,,2017,7,21,10,2
,,NA,,0,0,0,000000,Error: No vehicle,,2017,7,21,10,2
,,NA,,0,0,0,000000,Error: No vehicle,,2017,7,21,10,2
,,NA,,0,0,0,000000,Error: No vehicle,,2017,7,21,10,2
,,NA,,0,0,0,000000,Error: No vehicle,,2017,7,21,10,2
,,NA,,0,0,0,000000,Error: No vehicle,,2017,7,21,10,2
,,NA,,0,0,0,000000,Error: No vehicle,,2017,7,21,10,2
,,NA,,0,0,0,000000,Error: No vehicle,,2017,7,21,10,2
,,NA,,0,0,0,000000,Error: No vehicle,,2017,7,21,10,2
,,NA,,0,0,0,000000,Error: No vehicle,,2017,7,21,10,2
,,NA,,0,0,0,000000,Error: No vehicle,,2017,7,21,10,2
,,NA,,0,0,0,000000,Error: No vehicle,,2017,7,21,10,2
,,NA,,0,0,0,000000,Error: No vehicle,,2017,7,21,10,2
,,NA,,0,0,0,000000,Error: No vehicle,,2017,7,21,10,2
,,NA,,0,0,0,000000,Error: No vehicle,,2017,7,21,10,2
,,NA,,0,0,0,000000,Error: No vehicle,,2017,7,21,10,2
,,NA,,0,0,0,000000,Error: No vehicle,,2017,7,21,10,2
,,NA,,0,0,0,000000,Error: No vehicle,,2017,7,21,10,2
,,NA,,0,0,0,000000,Error: No vehicle,,2017,7,21,10,2
,,NA,,0,0,0,000000,Error: No vehicle,,2017,7,21,10,2
,,NA,,0,0,0,000000,Error: No vehicle,,2017,7,21,10,2
,,NA,,0,0,0,000000,Error: No vehicle,,2017,7,21,10,2
,,NA,,0,0,0,000000,Error: No vehicle,,2017,7,21,10,2
,,NA,,0,0,0,000000,Error: No vehicle,,2017,7,21,10,2
,,NA,,0,0,0,000000,Error: No vehicle,,2017,7,21,10,2
,,NA,,0,0,0,000000,Error: No vehicle,,2017,7,21,10,2
,,NA,,0,0,0,000000,Error: No vehicle,,2017,7,21,10,2
,,NA,,0,0,0,000000,Error: No vehicle,,2017,7,21,10,2
,,NA,,0,0,0,000000,Error: No vehicle,,2017,7,21,10,2
,,NA,,0,0,0,000000,Error: No vehicle,,2017,7,21,10,2
,,NA,,0,0,0,000000,Error: No vehicle,,2017,7,21,10,2
,,NA,,0,0,0,000000,Error: No vehicle,,2017,7,21,10,2
,,NA,,0,0,0,000000,Error: No vehicle,,2017,7,21,10,2
,,NA,,0,0,0,000000,Error: No vehicle,,2017,7,21,10,2
,SWLB_clone_base_P2,NA,,3091.68,3532.42,-0.0559654,030035,30923,RD501_opfor_unit_B1,2017,7,21,10,2
,SWLB_clone_at_base_P2,NA,,3115.46,3532.4,-0.000490189,031035,3899,RD501_opfor_unit_B1_heavy,2017,7,21,10,2
,RD501_v19_MKI,NA,,763.794,9642.67,-0.42556,007096,Error: No vehicle,,2017,7,21,10,2
,RD501_LAAT_MKIII_Balls,NA,,763.793,9642.67,8.52689,007096,CX-C Moony,JLTS_Clone_P2_DC15A_501,2017,7,21,10,2
,SWLB_clone_base_P2,NA,,3115.6,3534.24,-0.21945,031035,9443,RD501_opfor_unit_B1_AT_heavy,2017,7,21,10,2
,SWLB_clone_sg_base_P2,NA,,3142.5,3534.64,0.000646591,031035,30923,RD501_opfor_unit_B1,2017,7,21,10,2
,RD501_opfor_unit_B1,NA,,3057.79,3506.57,0.00212955,030035,'Rascal',SWLB_clone_assault_base_P2,2017,7,21,10,2
,RD501_Vulture,NA,,2327.19,5840.93,350.795,023058,CX-X Mulkot,JLTS_Clone_P2_DC15A_501,2017,7,21,10,2
,RD501_opfor_unit_B1_pilot,NA,,2327.07,5839.19,352.004,023058,CX-X Mulkot,JLTS_Clone_P2_DC15A_501,2017,7,21,10,2
,SWLB_clone_assault_base_P2,NA,,3112.41,3524.02,0.00134659,031035,Shah,RD501_opfor_unit_B2_droid_Super,2017,7,21,10,2
,SWLB_clone_medic_base_P2,NA,,2266.97,2906.92,0.00287533,022029,73852,RD501_opfor_unit_B1,2017,7,21,10,2
,RD501_opfor_unit_B1_heavy,NA,,2100.1,2880.97,0.00164413,021028,'Jinx',SWLB_clone_RTO_base_P2,2017,7,21,10,2
,RD501_Vulture,NA,,3504.14,7607.41,394.79,035076,CX-X Mulkot,JLTS_Clone_P2_DC15A_501,2017,7,21,10,2
,RD501_opfor_unit_B1_pilot,NA,,3505.39,7605.53,400.773,035076,CX-X Mulkot,JLTS_Clone_P2_DC15A_501,2017,7,21,10,2
,SWLB_clone_medic_base_P2,NA,,3107.54,3540.05,0.00155258,031035,71383,RD501_opfor_unit_B1,2017,7,21,10,2
,SWLB_clone_base_P2,NA,,3119.35,3534.3,0.0489254,031035,Hakimi,RD501_opfor_unit_B2_droid_Standard,2017,7,21,10,3
,SWLB_clone_base_P2,NA,,3205.85,3397.53,0.00143862,032033,Masood,RD501_opfor_unit_B2_droid_Super,2017,7,21,10,3
,RD501_opfor_unit_B1,NA,,2988.13,3349.38,0.00143862,029033,6950,RD501_opfor_unit_B1_heavy,2017,7,21,10,3
,RD501_arc_170_razor,NA,,2363.45,3882.81,208.839,023038,Johnson,B_UAV_AI,2017,7,21,10,4
,RD501_opfor_unit_B1,NA,,2295.53,3005.55,0.00163269,022030,'Lost Prophet',SWLB_clone_base_P2,2017,7,21,10,4
CX-X Mulkot,JLTS_Clone_P2_DC15A_501,AIR,Razor 3-1 (D),2506.05,3983.61,2.78711,025039,CX-X Mulkot,JLTS_Clone_P2_DC15A_501,2017,7,21,10,4
,SWLB_clone_RTO_base_P2,NA,,3218.81,3388.92,0.00143862,032033,7661,RD501_opfor_unit_B1_heavy,2017,7,21,10,4
,RD501_opfor_unit_B1_heavy,NA,,2276.84,2976.77,0.101599,022029,'Yeti',SWLB_clone_base_P2,2017,7,21,10,4
,JLTS_Clone_P2_marksman_501,NA,,7849.63,1613.47,0.0271382,078016,B1 - 18165,RD501_opfor_unit_B1,2017,7,21,10,4
,SWLB_clone_base_P2,NA,,3215.31,3416.37,0.00143909,032034,4776,RD501_opfor_unit_B1_heavy,2017,7,21,10,4
,RD501_opfor_unit_B1_shotgun,NA,,2271.14,3030.91,0.00143242,022030,'Yeti',SWLB_clone_base_P2,2017,7,21,10,4
,SWLB_clone_base_P2,NA,,2321.99,2901.14,0.00222611,023029,4184,RD501_opfor_unit_B1,2017,7,21,10,4
,RD501_opfor_unit_B1,NA,,2984.09,3337.79,0.00143862,029033,81784,RD501_opfor_unit_B1,2017,7,21,10,4
,RD501_opfor_unit_B1,NA,,2296.56,3013.63,0.00172424,022030,'Crash',SWLB_clone_at_base_P2,2017,7,21,10,4
,SWLB_clone_sg_base_P2,NA,,2253.37,2858.8,0.00143909,022028,Kohzad,RD501_opfor_unit_B2_droid_Super,2017,7,21,10,5
,RD501_opfor_unit_B1_heavy,NA,,7852.01,1601.23,0.00143957,078016,CT - 1696,JLTS_Clone_P2_corporal_501,2017,7,21,10,5
,RD501_opfor_unit_B1,NA,,2276.23,2986.31,0.00119972,022029,'Lost Prophet',SWLB_clone_base_P2,2017,7,21,10,5
,SWLB_clone_at_base_P2,NA,,2302.92,2873.09,-0.0110965,023028,Faruqi,RD501_opfor_unit_B2_droid_Standard,2017,7,21,10,5
,SWLB_clone_RTO_base_P2,NA,,2315.29,2867.51,0.00172997,023028,Faruqi,RD501_opfor_unit_B2_droid_Standard,2017,7,21,10,5
,SWLB_clone_at_base_P2,NA,,3219.97,3380.95,0.00143862,032033,Masood,RD501_opfor_unit_B2_droid_Super,2017,7,21,10,5
,RD501_opfor_unit_B1_heavy,NA,,7846.69,1600.5,-0.00376368,078016,CT - 1696,JLTS_Clone_P2_corporal_501,2017,7,21,10,5
,JLTS_Clone_P2_corporal_501,NA,,7949.63,1611.75,0.00142407,079016,B1 - 41987,RD501_opfor_unit_B1,2017,7,21,10,5
,RD501_opfor_unit_B1,NA,,2303.75,3003.69,0.00141525,023030,'O-Four',SWLB_clone_assault_base_P2,2017,7,21,10,5
,RD501_opfor_unit_B1,NA,,3049.93,3451.47,0.00143862,030034,3899,RD501_opfor_unit_B1_heavy,2017,7,21,10,5
,SWLB_clone_base_P2,NA,,3214.83,3410.73,0.00143909,032034,5995,RD501_opfor_unit_B1_AT_heavy,2017,7,21,10,5
,,NA,,0,0,0,000000,Error: No vehicle,,2017,7,21,10,5
,,NA,,0,0,0,000000,Error: No vehicle,,2017,7,21,10,5
,,NA,,0,0,0,000000,Error: No vehicle,,2017,7,21,10,5
,,NA,,0,0,0,000000,Error: No vehicle,,2017,7,21,10,5
,,NA,,0,0,0,000000,Error: No vehicle,,2017,7,21,10,5
,,NA,,0,0,0,000000,Error: No vehicle,,2017,7,21,10,5
,,NA,,0,0,0,000000,Error: No vehicle,,2017,7,21,10,5
,,NA,,0,0,0,000000,Error: No vehicle,,2017,7,21,10,5
,,NA,,0,0,0,000000,Error: No vehicle,,2017,7,21,10,5
,,NA,,0,0,0,000000,Error: No vehicle,,2017,7,21,10,5
,,NA,,0,0,0,000000,Error: No vehicle,,2017,7,21,10,5
,,NA,,0,0,0,000000,Error: No vehicle,,2017,7,21,10,5
,,NA,,0,0,0,000000,Error: No vehicle,,2017,7,21,10,5
,,NA,,0,0,0,000000,Error: No vehicle,,2017,7,21,10,5
,,NA,,0,0,0,000000,Error: No vehicle,,2017,7,21,10,5
,,NA,,0,0,0,000000,Error: No vehicle,,2017,7,21,10,5
,SWLB_clone_medic_base_P2,NA,,2309.15,2876.5,0.00130844,023028,Faruqi,RD501_opfor_unit_B2_droid_Standard,2017,7,21,10,5
,SWLB_clone_medic_base_P2,NA,,3165.5,3320.05,0.00143862,031033,7639,RD501_opfor_unit_B1_AT_heavy,2017,7,21,10,5
,RD501_opfor_unit_B1,NA,,7853.39,1602.68,0.00143957,078016,CT - 6554,JLTS_Clone_P2_medic_501,2017,7,21,10,6
,SWLB_clone_assault_base_P2,NA,,2255.81,2857.17,0.00139046,022028,Faruqi,RD501_opfor_unit_B2_droid_Standard,2017,7,21,10,6
,RD501_Vulture,NA,,594.529,7421.54,87.0684,005074,CX-C Dagger,JLTS_Clone_P2_DC15A_501,2017,7,21,10,6
,RD501_opfor_unit_B1_pilot,NA,,593.838,7419.37,93.1227,005074,CX-C Dagger,JLTS_Clone_P2_DC15A_501,2017,7,21,10,6
,RD501_opfor_unit_B1,NA,,3069.71,3464.88,0.00143862,030034,'Cale',SWLB_clone_assault_base_P2,2017,7,21,10,6
,SWLB_clone_assault_base_P2,NA,,3233.61,3399.81,0.00143909,032033,Masood,RD501_opfor_unit_B2_droid_Super,2017,7,21,10,6
,SWLB_clone_sg_base_P2,NA,,3200.52,3348.25,0.170851,032033,3899,RD501_opfor_unit_B1_heavy,2017,7,21,10,7
,JLTS_Clone_P2_at_501,NA,,7925.95,1673.4,0.0241387,079016,3908,RD501_opfor_unit_BX,2017,7,21,10,7
,RD501_opfor_unit_B1,NA,,7867.51,1618.03,0.00143886,078016,CT - 6554,JLTS_Clone_P2_medic_501,2017,7,21,10,7
,JLTS_Clone_P2_medic_501,NA,,7907.28,1660.55,0.00143886,079016,3908,RD501_opfor_unit_BX,2017,7,21,10,7
,SWLB_clone_base_P2,NA,,2668.08,3286.64,1.13814,026032,48510,RD501_opfor_unit_B1_crew,2017,7,21,10,8
,SWLB_clone_base_P2,NA,,2509.82,3142.35,-0.0157375,025031,0163,RD501_opfor_unit_B1_heavy,2017,7,21,10,8
,RD501_opfor_unit_B1_prototype,NA,,7923.41,1666.07,0.00143957,079016,CT - 7886,JLTS_Clone_P2_DC15A_501,2017,7,21,10,8
,Land_Ss_hangar,NA,,1949.5,3585.91,-0.104534,019035,Thompson,B_UAV_AI,2017,7,21,10,8
,,NA,,0,0,0,000000,Error: No vehicle,,2017,7,21,10,8
,,NA,,0,0,0,000000,Error: No vehicle,,2017,7,21,10,8
,,NA,,0,0,0,000000,Error: No vehicle,,2017,7,21,10,8
,,NA,,0,0,0,000000,Error: No vehicle,,2017,7,21,10,8
,,NA,,0,0,0,000000,Error: No vehicle,,2017,7,21,10,8
,,NA,,0,0,0,000000,Error: No vehicle,,2017,7,21,10,8
,,NA,,0,0,0,000000,Error: No vehicle,,2017,7,21,10,8
,,NA,,0,0,0,000000,Error: No vehicle,,2017,7,21,10,8
,RD501_opfor_unit_B1,NA,,7893.84,1634.84,0.0615325,078016,CT - 8617,JLTS_Clone_P2_sergeant_501,2017,7,21,10,8
,Land_Cargo_HQ_V3_F,NA,,7088.05,1635.27,-0.00174332,070016,CX-X Saltopus,JLTS_Clone_P2_DC15A_501,2017,7,21,10,8
,RD501_arc_170_razor,NA,,6468.51,2012.06,252.929,064020,Allen,B_UAV_AI,2017,7,21,10,8
,JLTS_Clone_P2_DC15A_501,NA,,7922.5,1580.78,0.00152373,079015,B1 - 18165,RD501_opfor_unit_B1,2017,7,21,10,8
CX-X Saltopus,JLTS_Clone_P2_DC15A_501,AIR,Razor 2-2 (B),8199.69,772.746,128.524,081007,CX-X Saltopus,JLTS_Clone_P2_DC15A_501,2017,7,21,10,8
,RD501_opfor_unit_B1_prototype,NA,,7922.42,1661.43,0.00143886,079016,CT - 4716,JLTS_Clone_P2_at_501,2017,7,21,10,8
,JLTS_Clone_P2_at_501,NA,,7951.36,1632.03,0.0390353,079016,3908,RD501_opfor_unit_BX,2017,7,21,10,8
,RD501_opfor_unit_B1,NA,,7896.76,1599.41,0.00144672,078015,CT - 1943,JLTS_Clone_P2_corporal_501,2017,7,21,10,9
,JLTS_Clone_P2_corporal_501,NA,,7957.39,1627.63,0.00133562,079016,3908,RD501_opfor_unit_BX,2017,7,21,10,9
,RD501_opfor_unit_B1,NA,,7899.36,1583.28,0.00162244,078015,CT - 6834,JLTS_Clone_P2_at_501,2017,7,21,10,9
,RD501_opfor_unit_BX,NA,,7919.98,1662.43,0.00143886,079016,CT - 8617,JLTS_Clone_P2_sergeant_501,2017,7,21,10,9
,JLTS_Clone_P2_at_501,NA,,7945.83,1618.38,0.000802755,079016,B1 - 18165,RD501_opfor_unit_B1,2017,7,21,10,9
,JLTS_Clone_P2_sergeant_501,NA,,7951.04,1621.82,0.023433,079016,B1 - 18165,RD501_opfor_unit_B1,2017,7,21,10,9
,RD501_v19_MKI,NA,,6434.92,4326.47,183.67,064043,Roberts,B_UAV_AI,2017,7,21,10,9
CX-C Dagger,JLTS_Clone_P2_DC15A_501,AIR,Razor 1-2 (D),4735.53,5157.33,1141.13,047051,,JLTS_Clone_P2_DC15A_501,2017,7,21,10,9
,Land_LampShabby_F,NA,,7840.7,1649.89,-0.000496864,078016,Error: No vehicle,,2017,7,21,10,10
,,NA,,0,0,0,000000,Error: No vehicle,,2017,7,21,10,10
,,NA,,0,0,0,000000,Error: No vehicle,,2017,7,21,10,10
,,NA,,0,0,0,000000,Error: No vehicle,,2017,7,21,10,10
,,NA,,0,0,0,000000,Error: No vehicle,,2017,7,21,10,10
,,NA,,0,0,0,000000,Error: No vehicle,,2017,7,21,10,10
,,NA,,0,0,0,000000,Error: No vehicle,,2017,7,21,10,10
,,NA,,0,0,0,000000,Error: No vehicle,,2017,7,21,10,10
,,NA,,0,0,0,000000,Error: No vehicle,,2017,7,21,10,10
,,NA,,0,0,0,000000,Error: No vehicle,,2017,7,21,10,10
,RD501_CIS_Static_AA_SR,NA,,9610.21,6972.5,-1.88983,096069,CX-X Diablo,JLTS_Clone_P2_DC15A_501,2017,7,21,10,10
,O_UAV_AI,NA,,9610.21,6972.5,1.89618,096069,Error: No vehicle,,2017,7,21,10,10
,Land_Fuelstation_army,NA,,2161.86,3363.68,4.76837e-006,021033,Walsh,B_UAV_AI,2017,7,21,10,10
,,NA,,0,0,0,000000,Error: No vehicle,,2017,7,21,10,10
,,NA,,0,0,0,000000,Error: No vehicle,,2017,7,21,10,10
,,NA,,0,0,0,000000,Error: No vehicle,,2017,7,21,10,10
,,NA,,0,0,0,000000,Error: No vehicle,,2017,7,21,10,10
,,NA,,0,0,0,000000,Error: No vehicle,,2017,7,21,10,10
,,NA,,0,0,0,000000,Error: No vehicle,,2017,7,21,10,10
,,NA,,0,0,0,000000,Error: No vehicle,,2017,7,21,10,10
,,NA,,0,0,0,000000,Error: No vehicle,,2017,7,21,10,10
,,NA,,0,0,0,000000,Error: No vehicle,,2017,7,21,10,10
,Land_Dum_olez_istan2_maly,NA,,7040.25,1153.08,1.70205,070011,Miller,B_UAV_AI,2017,7,21,10,11
,,NA,,0,0,0,000000,Error: No vehicle,,2017,7,21,10,11
,,NA,,0,0,0,000000,Error: No vehicle,,2017,7,21,10,11
,,NA,,0,0,0,000000,Error: No vehicle,,2017,7,21,10,11
,,NA,,0,0,0,000000,Error: No vehicle,,2017,7,21,10,11
,,NA,,0,0,0,000000,Error: No vehicle,,2017,7,21,10,11
,,NA,,0,0,0,000000,Error: No vehicle,,2017,7,21,10,11
,,NA,,0,0,0,000000,Error: No vehicle,,2017,7,21,10,11
,,NA,,0,0,0,000000,Error: No vehicle,,2017,7,21,10,11
,,NA,,0,0,0,000000,Error: No vehicle,,2017,7,21,10,11
,RD501_CIS_SHORAD,NA,,7087.71,1633.9,0.24131,070016,Miller,B_UAV_AI,2017,7,21,10,11
,B_UAV_AI,NA,,7087.71,1633.9,2.75756,070016,Error: No vehicle,,2017,7,21,10,11
,RD501_opfor_unit_B1_heavy,NA,,7809.16,1978.79,0.00206566,078019,OOM - 16955,RD501_opfor_unit_B1_heavy,2017,7,21,10,11
,RD501_opfor_unit_B1_shotgun,NA,,7816.85,1978.83,0.00155067,078019,OOM - 6057,RD501_opfor_unit_B1_shotgun,2017,7,21,10,11
,RD501_opfor_unit_B1_heavy,NA,,7795.35,1979.22,0.00180531,077019,OOM - 9422,RD501_opfor_unit_B1_heavy,2017,7,21,10,11
,RD501_opfor_unit_B1,NA,,7815.96,2013.94,-0.0404196,078020,B1 - 60661,RD501_opfor_unit_B1,2017,7,21,10,11
,RD501_opfor_unit_B1,NA,,7799.58,1978.67,4.45801,077019,B1 - 22202,RD501_opfor_unit_B1,2017,7,21,10,11
,RD501_opfor_unit_B1,NA,,7840.67,1984.01,0.00329876,078019,B1 - 38145,RD501_opfor_unit_B1,2017,7,21,10,11
,RD501_opfor_unit_B1,NA,,7834.2,1945.45,0.00141335,078019,B1 - 739313,RD501_opfor_unit_B1,2017,7,21,10,11
,RD501_opfor_unit_B1,NA,,7842.14,1987.1,0.00158119,078019,B1 - 01546,RD501_opfor_unit_B1,2017,7,21,10,11
,RD501_opfor_unit_B1,NA,,7831.47,1933.07,3.71187,078019,B1 - 51044,RD501_opfor_unit_B1,2017,7,21,10,11
,JLTS_Clone_P2_sergeantmajor_501,NA,,7941.95,1682.57,3.25375,079016,MacDonald,RD501_CIS_Static_AA_LR_ML_Inactive,2017,7,21,10,11
,Land_WIP_F,NA,,8514.76,8723.72,8.44002e-005,085087,Smith,B_UAV_AI,2017,7,21,10,11
,,NA,,0,0,0,000000,Error: No vehicle,,2017,7,21,10,11
,,NA,,0,0,0,000000,Error: No vehicle,,2017,7,21,10,11
,,NA,,0,0,0,000000,Error: No vehicle,,2017,7,21,10,11
,,NA,,0,0,0,000000,Error: No vehicle,,2017,7,21,10,11
,,NA,,0,0,0,000000,Error: No vehicle,,2017,7,21,10,11
,,NA,,0,0,0,000000,Error: No vehicle,,2017,7,21,10,11
,,NA,,0,0,0,000000,Error: No vehicle,,2017,7,21,10,11
,,NA,,0,0,0,000000,Error: No vehicle,,2017,7,21,10,11
,,NA,,0,0,0,000000,Error: No vehicle,,2017,7,21,10,11
,RD501_CIS_Static_AA_LR_ML_active,NA,,8484.56,8698.98,-0.10241,084086,Smith,B_UAV_AI,2017,7,21,10,11
,B_UAV_AI,NA,,8484.56,8698.98,2.61387,084086,Error: No vehicle,,2017,7,21,10,11
,Land_Offices_01_V1_F,NA,,8414.04,8712.54,0.000398636,084087,Smith,B_UAV_AI,2017,7,21,10,12
,,NA,,0,0,0,000000,Error: No vehicle,,2017,7,21,10,12
,,NA,,0,0,0,000000,Error: No vehicle,,2017,7,21,10,12
,,NA,,0,0,0,000000,Error: No vehicle,,2017,7,21,10,12
,,NA,,0,0,0,000000,Error: No vehicle,,2017,7,21,10,12
,,NA,,0,0,0,000000,Error: No vehicle,,2017,7,21,10,12
,,NA,,0,0,0,000000,Error: No vehicle,,2017,7,21,10,12
,,NA,,0,0,0,000000,Error: No vehicle,,2017,7,21,10,12
,,NA,,0,0,0,000000,Error: No vehicle,,2017,7,21,10,12
,,NA,,0,0,0,000000,Error: No vehicle,,2017,7,21,10,12
,RD501_opfor_unit_B1_heavy,NA,,7807.83,1978.31,0.00174522,078019,OOM - 5306,RD501_opfor_unit_B1_heavy,2017,7,21,10,12
,RD501_LAAT_MKIII_Balls,NA,,7995.76,1692.25,5.77036,079016,CX-C Moony,JLTS_Clone_P2_DC15A_501,2017,7,21,10,12
,Land_LampShabby_F,NA,,7815.86,1657.43,-0.0284939,078016,Error: No vehicle,,2017,7,21,10,12
,,NA,,0,0,0,000000,Error: No vehicle,,2017,7,21,10,12
,,NA,,0,0,0,000000,Error: No vehicle,,2017,7,21,10,12
,,NA,,0,0,0,000000,Error: No vehicle,,2017,7,21,10,12
,,NA,,0,0,0,000000,Error: No vehicle,,2017,7,21,10,12
,,NA,,0,0,0,000000,Error: No vehicle,,2017,7,21,10,12
,,NA,,0,0,0,000000,Error: No vehicle,,2017,7,21,10,12
,,NA,,0,0,0,000000,Error: No vehicle,,2017,7,21,10,12
,,NA,,0,0,0,000000,Error: No vehicle,,2017,7,21,10,12
,,NA,,0,0,0,000000,Error: No vehicle,,2017,7,21,10,12
,RD501_opfor_unit_B1,NA,,8009.28,1686.79,0.00174999,080016,CX-C Moony,JLTS_Clone_P2_DC15A_501,2017,7,21,10,13
,Land_LampShabby_F,NA,,7834.41,1880.48,-0.013319,078018,Error: No vehicle,,2017,7,21,10,13
,,NA,,0,0,0,000000,Error: No vehicle,,2017,7,21,10,13
,,NA,,0,0,0,000000,Error: No vehicle,,2017,7,21,10,13
,,NA,,0,0,0,000000,Error: No vehicle,,2017,7,21,10,13
,,NA,,0,0,0,000000,Error: No vehicle,,2017,7,21,10,13
,,NA,,0,0,0,000000,Error: No vehicle,,2017,7,21,10,13
,,NA,,0,0,0,000000,Error: No vehicle,,2017,7,21,10,13
,,NA,,0,0,0,000000,Error: No vehicle,,2017,7,21,10,13
,,NA,,0,0,0,000000,Error: No vehicle,,2017,7,21,10,13
,,NA,,0,0,0,000000,Error: No vehicle,,2017,7,21,10,13
,RD501_Vulture,NA,,5835.84,-1305.54,351.022,058986,Error: No vehicle,,2017,7,21,10,13
,RD501_Vulture,NA,,5820.8,-1298.55,344.283,058987,Error: No vehicle,,2017,7,21,10,13
,RD501_opfor_unit_B1_pilot,NA,,5834.57,-1303.64,356.831,058986,Error: No vehicle,,2017,7,21,10,13
,RD501_opfor_unit_B1_pilot,NA,,5822.83,-1298.77,351.197,058987,Error: No vehicle,,2017,7,21,10,13
,RD501_opfor_unit_B1_shotgun,NA,,7976.62,1620.63,0.00147641,079016,CX-C Moony,JLTS_Clone_P2_DC15A_501,2017,7,21,10,13
,RD501_opfor_unit_BX,NA,,7935,1667.09,0.0359502,079016,CX-C Moony,JLTS_Clone_P2_DC15A_501,2017,7,21,10,15
,RD501_Vulture,NA,,1989.33,8476.23,732.19,019084,MacDonald,B_UAV_AI,2017,7,21,10,15
,RD501_opfor_unit_B1_pilot,NA,,1990.76,8474.5,732.884,019084,MacDonald,B_UAV_AI,2017,7,21,10,15
,RD501_CIS_Static_AA_SR_ML,NA,,2167.14,3492.54,-0.0760722,021034,4982,JLTS_Clone_P2_DC15S,2017,7,21,10,15
,B_UAV_AI,NA,,2167.14,3492.54,1.7554,021034,Error: No vehicle,,2017,7,21,10,15
,RD501_Vulture,NA,,2199.66,3721.34,268.338,021037,CX-X Saltopus,JLTS_Clone_P2_DC15A_501,2017,7,21,10,15
,RD501_opfor_unit_B1_pilot,NA,,2201.18,3720.61,274.143,022037,CX-X Saltopus,JLTS_Clone_P2_DC15A_501,2017,7,21,10,15
,Land_Mil_Barracks_i,NA,,406.389,9264.04,-3.8147e-006,004092,Jackson,B_UAV_AI,2017,7,21,10,15
,,NA,,0,0,0,000000,Error: No vehicle,,2017,7,21,10,15
,,NA,,0,0,0,000000,Error: No vehicle,,2017,7,21,10,15
,,NA,,0,0,0,000000,Error: No vehicle,,2017,7,21,10,15
,,NA,,0,0,0,000000,Error: No vehicle,,2017,7,21,10,15
,,NA,,0,0,0,000000,Error: No vehicle,,2017,7,21,10,15
,,NA,,0,0,0,000000,Error: No vehicle,,2017,7,21,10,15
,,NA,,0,0,0,000000,Error: No vehicle,,2017,7,21,10,15
,,NA,,0,0,0,000000,Error: No vehicle,,2017,7,21,10,15
,,NA,,0,0,0,000000,Error: No vehicle,,2017,7,21,10,15
,JLTS_Clone_P2_DC15S,NA,,2295.97,3710.77,0.0032196,022037,Aybak,RD501_opfor_unit_B2_droid_Super,2017,7,21,10,15
,RD501_opfor_unit_B1_heavy,NA,,2232.35,3426.84,0.00143909,022034,4800,JLTS_Clone_P2_DC15A_501,2017,7,21,10,15
,JLTS_Clone_P2_at_501,NA,,2353.77,3714,-0.36837,023037,13173,RD501_opfor_unit_B1_crew,2017,7,21,10,15
,JLTS_Clone_P2_DC15S,NA,,2283.35,3688.91,-0.238621,022036,475853,RD501_AAT_Brown,2017,7,21,10,15
,JLTS_Clone_P2_DC15A_501,NA,,2374.42,3713.23,0.00114441,023037,Khalili,RD501_opfor_unit_B2_droid_Standard,2017,7,21,10,15
,JLTS_Clone_P2_DC15A_501,NA,,2349.46,3714.66,-0.488441,023037,13173,RD501_opfor_unit_B1_crew,2017,7,21,10,16
,RD501_Vulture,NA,,5803.28,6073.33,206.768,058060,CX-C Dagger,JLTS_Clone_P2_DC15A_501,2017,7,21,10,16
,RD501_opfor_unit_B1_pilot,NA,,5801.19,6074.23,211.169,058060,CX-C Dagger,JLTS_Clone_P2_DC15A_501,2017,7,21,10,16
,RD501_opfor_unit_B1_heavy,NA,,2227.46,3449.22,0.00143909,022034,8078,JLTS_Clone_P2_corporal_501,2017,7,21,10,16
,JLTS_Clone_P2_corporal_501,NA,,2354.62,3723.08,-0.351158,023037,45265,RD501_opfor_unit_B1_crew,2017,7,21,10,16
,JLTS_Clone_P2_sergeantmajor_501,NA,,2359.95,3728.15,-0.119781,023037,45265,RD501_opfor_unit_B1_crew,2017,7,21,10,16
,JLTS_Clone_P2_marksman_501,NA,,2368.82,3719.19,-0.200867,023037,45265,RD501_opfor_unit_B1_crew,2017,7,21,10,16
,JLTS_Clone_P2_DC15A_501,NA,,2363.25,3723.95,0.00249481,023037,45265,RD501_opfor_unit_B1_crew,2017,7,21,10,16
,JLTS_Clone_P2_DC15S,NA,,2301.6,3712.58,-0.478561,023037,475853,RD501_AAT_Brown,2017,7,21,10,16
,RD501_CIS_SHORAD,NA,,2145.99,3392.67,-0.115238,021033,4145,JLTS_Clone_P2_at_501,2017,7,21,10,16
,B_UAV_AI,NA,,2145.99,3392.67,2.46564,021033,Error: No vehicle,,2017,7,21,10,16
,JLTS_Clone_P2_marksman_501,NA,,2278.32,3747.05,0.00191498,022037,27038,RD501_opfor_unit_B1_crew,2017,7,21,10,16
,JLTS_Clone_P2_DC15A_501,NA,,2279.28,3752.18,0.00146484,022037,27038,RD501_opfor_unit_B1_crew,2017,7,21,10,16
,JLTS_Clone_P2_sergeantmajor_501,NA,,2278.73,3755.14,-0.294479,022037,27038,RD501_opfor_unit_B1_crew,2017,7,21,10,16
,JLTS_Clone_P2_corporal_501,NA,,2267.3,3750.57,0.00201416,022037,18165,RD501_opfor_unit_B1_crew,2017,7,21,10,16
,JLTS_Clone_P2_DC15A_501,NA,,2262.55,3736.35,0.00279236,022037,48510,RD501_AAT_Brown,2017,7,21,10,16
,JLTS_Clone_P2_at_501,NA,,2266.08,3742.65,0.56546,022037,48510,RD501_AAT_Brown,2017,7,21,10,16
,JLTS_Clone_P2_medic_501,NA,,2282.62,3733.01,0.00205231,022037,Yousuf,RD501_opfor_unit_B2_droid_Super,2017,7,21,10,16
,JLTS_Clone_P2_medic_501,NA,,2382.28,3708.43,0.000892639,023037,90247,RD501_opfor_unit_B1_crew,2017,7,21,10,16
,JLTS_Clone_P2_DC15A_501,NA,,2293.32,3742.21,-0.0892334,022037,41307,RD501_opfor_unit_B1_crew,2017,7,21,10,16
,RD501_opfor_unit_B1,NA,,2240.91,3453.05,0.00143909,022034,Wilson,B_UAV_AI,2017,7,21,10,16
,RD501_opfor_unit_B1,NA,,2217.84,3465.02,0.00143909,022034,Wilson,B_UAV_AI,2017,7,21,10,16
,RD501_opfor_unit_B1,NA,,2235.7,3448.8,0.00143909,022034,Wilson,B_UAV_AI,2017,7,21,10,16
,RD501_opfor_unit_B1,NA,,2222.97,3455.54,0.179589,022034,Wilson,B_UAV_AI,2017,7,21,10,16
,RD501_CIS_Static_AA_SR_ML,NA,,2324.86,3493.17,-0.0760722,023034,CX-X Saltopus,JLTS_Clone_P2_DC15A_501,2017,7,21,10,16
,B_UAV_AI,NA,,2324.86,3493.17,1.7554,023034,Error: No vehicle,,2017,7,21,10,16
,RD501_Vulture,NA,,581.864,8237.09,45.1566,005082,1938,RD501_opfor_unit_B1_pilot,2017,7,21,10,16
,RD501_opfor_unit_B1_pilot,NA,,581.003,8235.02,51.5134,005082,1938,RD501_opfor_unit_B1_pilot,2017,7,21,10,16
,RD501_HMP_gunship,NA,,2801.73,3596.08,95.7007,028035,CX-X Saltopus,JLTS_Clone_P2_DC15A_501,2017,7,21,10,16
,RD501_opfor_unit_B1_pilot,NA,,2801.73,3596.08,96.2548,028035,CX-X Saltopus,JLTS_Clone_P2_DC15A_501,2017,7,21,10,16
,JLTS_Clone_P2_marksman_501,NA,,2035.86,3811.45,0.00218201,020038,Yousuf,RD501_opfor_unit_B2_droid_Super,2017,7,21,10,17
,Land_LampShabby_F,NA,,6672.5,1132.02,-3.74655,066011,CX-X Diablo,JLTS_Clone_P2_DC15A_501,2017,7,21,10,17
,Land_Benzina_schnell,NA,,6682.3,1139.9,-0.564273,066011,CX-X Diablo,JLTS_Clone_P2_DC15A_501,2017,7,21,10,17
,,NA,,0,0,0,000000,Error: No vehicle,,2017,7,21,10,17
,,NA,,0,0,0,000000,Error: No vehicle,,2017,7,21,10,17
,,NA,,0,0,0,000000,Error: No vehicle,,2017,7,21,10,17
,,NA,,0,0,0,000000,Error: No vehicle,,2017,7,21,10,17
,,NA,,0,0,0,000000,Error: No vehicle,,2017,7,21,10,17
,,NA,,0,0,0,000000,Error: No vehicle,,2017,7,21,10,17
,,NA,,0,0,0,000000,Error: No vehicle,,2017,7,21,10,17
,,NA,,0,0,0,000000,Error: No vehicle,,2017,7,21,10,17
,,NA,,0,0,0,000000,Error: No vehicle,,2017,7,21,10,17
,,NA,,0,0,0,000000,Error: No vehicle,,2017,7,21,10,17
,,NA,,0,0,0,000000,Error: No vehicle,,2017,7,21,10,17
,,NA,,0,0,0,000000,Error: No vehicle,,2017,7,21,10,17
,,NA,,0,0,0,000000,Error: No vehicle,,2017,7,21,10,17
,,NA,,0,0,0,000000,Error: No vehicle,,2017,7,21,10,17
,,NA,,0,0,0,000000,Error: No vehicle,,2017,7,21,10,17
,,NA,,0,0,0,000000,Error: No vehicle,,2017,7,21,10,17
,,NA,,0,0,0,000000,Error: No vehicle,,2017,7,21,10,17
,,NA,,0,0,0,000000,Error: No vehicle,,2017,7,21,10,17
,RD501_AAT_Brown,NA,,1954.38,3493.13,-0.128083,019034,8410,JLTS_Clone_P2_at_501,2017,7,21,10,17
,RD501_opfor_unit_B1_crew,NA,,1954.38,3493.13,-0.0535469,019034,8410,JLTS_Clone_P2_at_501,2017,7,21,10,17
,RD501_opfor_unit_B1_crew,NA,,1954.38,3493.13,-0.0535469,019034,8410,JLTS_Clone_P2_at_501,2017,7,21,10,17
,RD501_opfor_unit_B1_crew,NA,,1954.38,3493.13,-0.0535469,019034,8410,JLTS_Clone_P2_at_501,2017,7,21,10,17
,JLTS_Clone_P2_corporal_501,NA,,2043.56,3824.58,0.0609207,020038,Zakhilwal,RD501_opfor_unit_B2_droid_Super,2017,7,21,10,17
,RD501_CIS_SHORAD,NA,,2043.69,3383.19,-0.102144,020033,8410,JLTS_Clone_P2_at_501,2017,7,21,10,17
,B_UAV_AI,NA,,2043.69,3383.19,2.46819,020033,Error: No vehicle,,2017,7,21,10,17
,JLTS_Clone_P2_sergeantmajor_501,NA,,2041.65,3804.34,0.00328827,020038,87714,RD501_opfor_unit_B1_crew,2017,7,21,10,17
,JLTS_Clone_P2_at_501,NA,,2031.05,3805.11,0.00283813,020038,87714,RD501_opfor_unit_B1_crew,2017,7,21,10,17
,JLTS_Clone_P2_DC15A_501,NA,,2084.91,3797.48,-0.0881805,020037,Zamani,RD501_opfor_unit_B2_droid_Standard,2017,7,21,10,17
,JLTS_Clone_P2_medic_501,NA,,2107.22,3778.81,-0.49662,021037,5306,RD501_opfor_unit_B1_heavy,2017,7,21,10,17
,JLTS_Clone_P2_medic_501,NA,,8103.55,5219.83,0.0842848,081052,B1 - 63691,RD501_opfor_unit_B1_crew,2017,7,21,10,17
,JLTS_Clone_P2_DC15A_501,NA,,8088.12,5221.52,0.0169926,080052,B1 - 63691,RD501_opfor_unit_B1_crew,2017,7,21,10,17
,JLTS_Clone_P2_DC15A_501,NA,,8095.87,5218.27,0.165791,080052,B1 - 63691,RD501_opfor_unit_B1_crew,2017,7,21,10,18
,RD501_arc_170_razor,NA,,745.919,3419.27,1322.85,007034,Jones,B_UAV_AI,2017,7,21,10,18
,JLTS_Clone_P2_marksman_501,NA,,8095.86,5219.3,-0.000149727,080052,B1 - 63691,RD501_opfor_unit_B1_crew,2017,7,21,10,18
,JLTS_Clone_P2_at_501,NA,,8110.66,5215.82,0.0007658,081052,B1 - 63691,RD501_opfor_unit_B1_crew,2017,7,21,10,18
,JLTS_Clone_P2_marksman_501,NA,,8090.78,5234.87,-0.00769234,080052,B1 - 63691,RD501_opfor_unit_B1_crew,2017,7,21,10,18
,JLTS_Clone_P2_sergeantmajor_501,NA,,1865.09,3889.48,0.00235748,018038,87714,RD501_opfor_unit_B1_crew,2017,7,21,10,18
,JLTS_Clone_P2_corporal_501,NA,,8102.85,5202.37,0.00131035,081052,B1 - 63691,RD501_opfor_unit_B1_crew,2017,7,21,10,18
,Land_LampShabby_F,NA,,8023.94,5286.17,-3.50168,080052,B1 - 63691,RD501_opfor_unit_B1_crew,2017,7,21,10,18
,,NA,,0,0,0,000000,Error: No vehicle,,2017,7,21,10,18
,,NA,,0,0,0,000000,Error: No vehicle,,2017,7,21,10,18
,,NA,,0,0,0,000000,Error: No vehicle,,2017,7,21,10,18
,,NA,,0,0,0,000000,Error: No vehicle,,2017,7,21,10,18
,,NA,,0,0,0,000000,Error: No vehicle,,2017,7,21,10,18
,,NA,,0,0,0,000000,Error: No vehicle,,2017,7,21,10,18
,,NA,,0,0,0,000000,Error: No vehicle,,2017,7,21,10,18
,,NA,,0,0,0,000000,Error: No vehicle,,2017,7,21,10,18
,,NA,,0,0,0,000000,Error: No vehicle,,2017,7,21,10,18
,JLTS_Clone_P2_DC15A_501,NA,,2090.12,3823.9,0.00241089,020038,5306,RD501_opfor_unit_B1_heavy,2017,7,21,10,18
CX-X Saltopus,JLTS_Clone_P2_DC15A_501,AIR,Razor 2-2 (B),1529.5,4701.46,699.831,015047,CX-X Saltopus,JLTS_Clone_P2_DC15A_501,2017,7,21,10,18
,JLTS_Clone_P2_marksman_501,NA,,2110.69,3809.3,0.00247955,021038,Shah,RD501_opfor_unit_B2_droid_Standard,2017,7,21,10,18
,JLTS_Clone_P2_DC15A_501,NA,,2073.4,3699.19,0.00194168,020036,87714,RD501_opfor_unit_B1_crew,2017,7,21,10,18
,RD501_Vulture,NA,,390.154,5237.69,-16.8823,003052,8410,RD501_opfor_unit_B1_pilot,2017,7,21,10,18
,RD501_opfor_unit_B1_pilot,NA,,390.552,5235.56,-10.2579,003052,8410,RD501_opfor_unit_B1_pilot,2017,7,21,10,18
,JLTS_Clone_P2_marksman_501,NA,,2083.22,3803.57,0.00315857,020038,27038,RD501_opfor_unit_B1_crew,2017,7,21,10,18
,JLTS_Clone_P2_DC15A_501,NA,,2112.17,3794.67,0.00289154,021037,27038,RD501_opfor_unit_B1_crew,2017,7,21,10,18
,JLTS_Clone_P2_corporal_501,NA,,2105.61,3801.88,0.00243378,021038,18165,RD501_opfor_unit_B1_crew,2017,7,21,10,18
,Land_LampShabby_F,NA,,4555.73,2620.01,-3.56004,045026,9553,RD501_opfor_unit_B1_crew,2017,7,21,10,18
,,NA,,0,0,0,000000,Error: No vehicle,,2017,7,21,10,18
,,NA,,0,0,0,000000,Error: No vehicle,,2017,7,21,10,18
,,NA,,0,0,0,000000,Error: No vehicle,,2017,7,21,10,18
,,NA,,0,0,0,000000,Error: No vehicle,,2017,7,21,10,18
,,NA,,0,0,0,000000,Error: No vehicle,,2017,7,21,10,18
,,NA,,0,0,0,000000,Error: No vehicle,,2017,7,21,10,18
,,NA,,0,0,0,000000,Error: No vehicle,,2017,7,21,10,18
,,NA,,0,0,0,000000,Error: No vehicle,,2017,7,21,10,18
,,NA,,0,0,0,000000,Error: No vehicle,,2017,7,21,10,18
,RD501_Vulture,NA,,66.1784,6302.65,153.447,000063,CX-X Mulkot,JLTS_Clone_P2_DC15A_501,2017,7,21,10,18
,RD501_opfor_unit_B1_pilot,NA,,65.183,6301.02,160.6,000063,CX-X Mulkot,JLTS_Clone_P2_DC15A_501,2017,7,21,10,18
,JLTS_Clone_P2_marksman_501,NA,,2050.4,3854.04,0.00235748,020038,87714,RD501_opfor_unit_B1_crew,2017,7,21,10,18
,SWLB_clone_base_P2,NA,,2333.36,3743.68,0.00248718,023037,5724,RD501_opfor_unit_B1_heavy,2017,7,21,10,18
,SWLB_clone_at_base_P2,NA,,2326.98,3749.26,0.00262451,023037,Kakar,RD501_opfor_unit_B2_droid_Standard,2017,7,21,10,18
,SWLB_clone_base_P2,NA,,2333.48,3738.81,0.00127411,023037,Wardak,RD501_opfor_unit_B2_droid_Super,2017,7,21,10,18
,SWLB_clone_medic_base_P2,NA,,2338.37,3751.07,0.493889,023037,Kakar,RD501_opfor_unit_B2_droid_Standard,2017,7,21,10,18
,SWLB_clone_assault_base_P2,NA,,2337.62,3740.63,-0.223915,023037,Shah,RD501_opfor_unit_B2_droid_Standard,2017,7,21,10,18
,SWLB_clone_RTO_base_P2,NA,,2337.1,3735.66,0.00244141,023037,18165,RD501_opfor_unit_B1_crew,2017,7,21,10,18
,SWLB_clone_base_P2,NA,,2335.72,3741.9,-0.152992,023037,18165,RD501_opfor_unit_B1_crew,2017,7,21,10,18
,Land_Lampa_sidl,NA,,934.638,9634.48,0.00137711,009096,MacDonald,B_UAV_AI,2017,7,21,10,19
,,NA,,0,0,0,000000,Error: No vehicle,,2017,7,21,10,19
,,NA,,0,0,0,000000,Error: No vehicle,,2017,7,21,10,19
,,NA,,0,0,0,000000,Error: No vehicle,,2017,7,21,10,19
,,NA,,0,0,0,000000,Error: No vehicle,,2017,7,21,10,19
,,NA,,0,0,0,000000,Error: No vehicle,,2017,7,21,10,19
,,NA,,0,0,0,000000,Error: No vehicle,,2017,7,21,10,19
,,NA,,0,0,0,000000,Error: No vehicle,,2017,7,21,10,19
,,NA,,0,0,0,000000,Error: No vehicle,,2017,7,21,10,19
,,NA,,0,0,0,000000,Error: No vehicle,,2017,7,21,10,19
,RD501_Vulture,NA,,627.37,7439.51,78.8905,006074,MacDonald,B_UAV_AI,2017,7,21,10,19
,RD501_opfor_unit_B1_pilot,NA,,626.877,7437.28,84.7827,006074,MacDonald,B_UAV_AI,2017,7,21,10,19
,SWLB_clone_sg_base_P2,NA,,2320.92,3751.26,0.00191498,023037,Shah,RD501_opfor_unit_B2_droid_Standard,2017,7,21,10,19
,JLTS_Clone_P2_at_501,NA,,2042.45,3844.27,-0.336922,020038,Masood,RD501_opfor_unit_B2_droid_Standard,2017,7,21,10,19
,RD501_opfor_unit_B1_heavy,NA,,7926.72,1662.1,0.00143886,079016,CX-C Moony,JLTS_Clone_P2_DC15A_501,2017,7,21,10,19
,Land_LampShabby_F,NA,,2296.17,3178.4,-3.51684,022031,27038,RD501_opfor_unit_B1_crew,2017,7,21,10,19
,,NA,,0,0,0,000000,Error: No vehicle,,2017,7,21,10,19
,,NA,,0,0,0,000000,Error: No vehicle,,2017,7,21,10,19
,,NA,,0,0,0,000000,Error: No vehicle,,2017,7,21,10,19
,,NA,,0,0,0,000000,Error: No vehicle,,2017,7,21,10,19
,,NA,,0,0,0,000000,Error: No vehicle,,2017,7,21,10,19
,,NA,,0,0,0,000000,Error: No vehicle,,2017,7,21,10,19
,,NA,,0,0,0,000000,Error: No vehicle,,2017,7,21,10,19
,,NA,,0,0,0,000000,Error: No vehicle,,2017,7,21,10,19
,,NA,,0,0,0,000000,Error: No vehicle,,2017,7,21,10,19
,RD501_AAT_Brown,NA,,2525.54,3529.95,-0.117906,025035,CX-X Diablo,JLTS_Clone_P2_DC15A_501,2017,7,21,10,19
,RD501_opfor_unit_B1_crew,NA,,2525.54,3529.95,-0.0433693,025035,CX-X Diablo,JLTS_Clone_P2_DC15A_501,2017,7,21,10,19
,RD501_opfor_unit_B1_crew,NA,,2525.54,3529.95,-0.0433693,025035,CX-X Diablo,JLTS_Clone_P2_DC15A_501,2017,7,21,10,19
,RD501_opfor_unit_B1_crew,NA,,2525.54,3529.95,-0.0433693,025035,CX-X Diablo,JLTS_Clone_P2_DC15A_501,2017,7,21,10,19
,Land_Runway_PAPI_4,NA,,8479.27,4757.16,0.161304,084047,Error: No vehicle,,2017,7,21,10,19
,,NA,,0,0,0,000000,Error: No vehicle,,2017,7,21,10,19
,,NA,,0,0,0,000000,Error: No vehicle,,2017,7,21,10,19
,,NA,,0,0,0,000000,Error: No vehicle,,2017,7,21,10,19
,,NA,,0,0,0,000000,Error: No vehicle,,2017,7,21,10,19
,,NA,,0,0,0,000000,Error: No vehicle,,2017,7,21,10,19
,,NA,,0,0,0,000000,Error: No vehicle,,2017,7,21,10,19
,,NA,,0,0,0,000000,Error: No vehicle,,2017,7,21,10,19
,,NA,,0,0,0,000000,Error: No vehicle,,2017,7,21,10,19
,,NA,,0,0,0,000000,Error: No vehicle,,2017,7,21,10,19
,RD501_AAT_Brown,NA,,2472.62,3583.16,-0.101829,024035,CX-X Diablo,JLTS_Clone_P2_DC15A_501,2017,7,21,10,19
,RD501_opfor_unit_B1_crew,NA,,2472.62,3583.16,-0.0263996,024035,CX-X Diablo,JLTS_Clone_P2_DC15A_501,2017,7,21,10,19
,RD501_opfor_unit_B1_crew,NA,,2472.62,3583.16,-0.0263996,024035,CX-X Diablo,JLTS_Clone_P2_DC15A_501,2017,7,21,10,19
,RD501_opfor_unit_B1_crew,NA,,2472.62,3583.16,-0.0263996,024035,CX-X Diablo,JLTS_Clone_P2_DC15A_501,2017,7,21,10,19
,RD501_arc_170_blue,NA,,1698.6,2978.74,110.872,016029,48510,RD501_opfor_unit_B1_crew,2017,7,21,10,19
,RD501_arc_170_blue,NA,,8747.88,452.362,237.577,087004,Roberts,B_UAV_AI,2017,7,21,10,20
CX-X Mulkot,JLTS_Clone_P2_DC15A_501,AIR,Razor 3-1 (D),8949.07,-559.528,279.267,089994,CX-X Mulkot,JLTS_Clone_P2_DC15A_501,2017,7,21,10,20
CX-X Diablo,JLTS_Clone_P2_DC15A_501,AIR,Razor 2-2 (C),1303.83,3029.32,4.37424,013030,,JLTS_Clone_P2_DC15A_501,2017,7,21,10,20
,RD501_AAT_Brown,NA,,8356.51,4901.78,-0.28965,083049,CT - 4800,JLTS_Clone_P2_at_501,2017,7,21,10,20
,RD501_opfor_unit_B1_crew,NA,,8356.51,4901.78,-0.215114,083049,CT - 4800,JLTS_Clone_P2_at_501,2017,7,21,10,20
,RD501_opfor_unit_B1_crew,NA,,8356.51,4901.78,-0.215114,083049,CT - 4800,JLTS_Clone_P2_at_501,2017,7,21,10,20
,RD501_opfor_unit_B1_crew,NA,,8356.51,4901.78,-0.215114,083049,CT - 4800,JLTS_Clone_P2_at_501,2017,7,21,10,20
,JLTS_Clone_P2_corporal_501,NA,,8224.73,5275.14,0.00143909,082052,B1 - 25627,RD501_opfor_unit_B1_crew,2017,7,21,10,21
,JLTS_Clone_P2_marksman_501,NA,,8228.61,5271.33,0.113573,082052,B1 - 25627,RD501_opfor_unit_B1_crew,2017,7,21,10,21
,JLTS_Clone_P2_sergeantmajor_501,NA,,8209.3,5286.51,0.00143909,082052,B1 - 20738,RD501_AAT_Brown,2017,7,21,10,21
,JLTS_Clone_P2_at_501,NA,,8237.68,5264.86,0.00143909,082052,B1 - 20738,RD501_AAT_Brown,2017,7,21,10,21
CX-C Moony,JLTS_Clone_P2_DC15A_501,AIR,Razor 4-1 (C),7955.05,1649.52,0.00143862,079016,,JLTS_Clone_P2_DC15A_501,2017,7,21,10,21
,,NA,,0,0,0,000000,Error: No vehicle,,2017,7,21,10,21
,,NA,,0,0,0,000000,Error: No vehicle,,2017,7,21,10,21
,JLTS_Clone_P2_sergeantmajor_501,NA,,8303.91,4977.43,0.00143909,083049,B1 - 25627,RD501_opfor_unit_B1_crew,2017,7,21,10,22
CX-C Dagger,JLTS_Clone_P2_DC15A_501,AIR,Razor 1-2 (D),535.418,9587.94,0.00143909,005095,CX-C Dagger,JLTS_Clone_P2_DC15A_501,2017,7,21,10,23
CT Excal,JLTS_Clone_P2_DC15A_501,INF,Recruit | Reserve | Guest,696.032,9637.99,0.0172997,006096,,JLTS_Clone_P2_DC15A_501,2017,7,21,10,24
,Land_LampShabby_F,NA,,6516.83,3736.67,-3.57929,065037,Error: No vehicle,,2017,7,21,10,43
,,NA,,0,0,0,000000,Error: No vehicle,,2017,7,21,10,43
,,NA,,0,0,0,000000,Error: No vehicle,,2017,7,21,10,43
,,NA,,0,0,0,000000,Error: No vehicle,,2017,7,21,10,43
,,NA,,0,0,0,000000,Error: No vehicle,,2017,7,21,10,43
,,NA,,0,0,0,000000,Error: No vehicle,,2017,7,21,10,43
,,NA,,0,0,0,000000,Error: No vehicle,,2017,7,21,10,43
,,NA,,0,0,0,000000,Error: No vehicle,,2017,7,21,10,43
,,NA,,0,0,0,000000,Error: No vehicle,,2017,7,21,10,43
,RD501_Vulture,NA,,-341.33,10947.2,278.443,996109,CX-X Saltopus,JLTS_Clone_P2_DC15A_501,2017,7,21,10,52
,RD501_opfor_unit_B1_pilot,NA,,-339.787,10948.9,283.965,996109,CX-X Saltopus,JLTS_Clone_P2_DC15A_501,2017,7,21,10,52
,RD501_Vulture,NA,,1235.02,9973.96,427.539,012099,MacDonald,B_UAV_AI,2017,7,21,10,53
,RD501_opfor_unit_B1_pilot,NA,,1236.76,9975.42,433.7,012099,MacDonald,B_UAV_AI,2017,7,21,10,53
,RD501_Vulture,NA,,1037.29,9704.88,510.393,010097,MacDonald,B_UAV_AI,2017,7,21,10,53
,RD501_opfor_unit_B1_pilot,NA,,1038.12,9706.97,516.711,010097,MacDonald,B_UAV_AI,2017,7,21,10,53
,Land_Cargo_Patrol_V1_F,NA,,9560.36,7000.62,-0.0373497,095070,Smith,B_UAV_AI,2017,7,21,10,54
,,NA,,0,0,0,000000,Error: No vehicle,,2017,7,21,10,54
,,NA,,0,0,0,000000,Error: No vehicle,,2017,7,21,10,54
,,NA,,0,0,0,000000,Error: No vehicle,,2017,7,21,10,54
,,NA,,0,0,0,000000,Error: No vehicle,,2017,7,21,10,54
,,NA,,0,0,0,000000,Error: No vehicle,,2017,7,21,10,54
,,NA,,0,0,0,000000,Error: No vehicle,,2017,7,21,10,54
,,NA,,0,0,0,000000,Error: No vehicle,,2017,7,21,10,54
,,NA,,0,0,0,000000,Error: No vehicle,,2017,7,21,10,54
,RD501_arc_170_razor,NA,,1541.5,9785.36,-3.51433,015097,CX-X Saltopus,JLTS_Clone_P2_DC15A_501,2017,7,21,10,55
CX-X Saltopus,JLTS_Clone_P2_DC15A_501,AIR,Razor 2-2 (B),1546.01,9786.98,-5.9601,015097,Error: No vehicle,,2017,7,21,10,55
,Land_Church_01_V1_F,NA,,2628.59,1459.68,0.00226879,026014,Davis,B_UAV_AI,2017,7,21,10,55
,,NA,,0,0,0,000000,Error: No vehicle,,2017,7,21,10,55
,,NA,,0,0,0,000000,Error: No vehicle,,2017,7,21,10,55
,,NA,,0,0,0,000000,Error: No vehicle,,2017,7,21,10,55
,,NA,,0,0,0,000000,Error: No vehicle,,2017,7,21,10,55
,,NA,,0,0,0,000000,Error: No vehicle,,2017,7,21,10,55
,,NA,,0,0,0,000000,Error: No vehicle,,2017,7,21,10,55
,,NA,,0,0,0,000000,Error: No vehicle,,2017,7,21,10,55
,,NA,,0,0,0,000000,Error: No vehicle,,2017,7,21,10,55
,RD501_cis_adsd,NA,,2550.33,1259.1,-0.0727692,025012,Thomson,RD501_CIS_SHORAD,2017,7,21,10,55
,Land_WIP_F,NA,,2555.68,1270.24,0.000162125,025012,Thomson,RD501_CIS_SHORAD,2017,7,21,10,55
,RD501_opfor_unit_B1_crew,NA,,2556.49,1255.21,0.00143814,025012,Thomson,RD501_CIS_SHORAD,2017,7,21,10,55
,RD501_opfor_unit_B1_crew,NA,,2548.08,1254.83,0.00143814,025012,Thomson,RD501_CIS_SHORAD,2017,7,21,10,55
,,NA,,0,0,0,000000,Error: No vehicle,,2017,7,21,10,55
,,NA,,0,0,0,000000,Error: No vehicle,,2017,7,21,10,55
,,NA,,0,0,0,000000,Error: No vehicle,,2017,7,21,10,55
,,NA,,0,0,0,000000,Error: No vehicle,,2017,7,21,10,55
,,NA,,0,0,0,000000,Error: No vehicle,,2017,7,21,10,55
,,NA,,0,0,0,000000,Error: No vehicle,,2017,7,21,10,55
,,NA,,0,0,0,000000,Error: No vehicle,,2017,7,21,10,55
,,NA,,0,0,0,000000,Error: No vehicle,,2017,7,21,10,55
,RD501_arc_170_razor,NA,,9386.63,1820.47,236.316,093018,Spiegelman,B_UAV_AI,2017,7,21,10,56
CX-C Dagger,JLTS_Clone_P2_DC15A_501,AIR,Razor 1-2 (D),8783.7,2387.39,15.9306,087023,CX-C Dagger,JLTS_Clone_P2_DC15A_501,2017,7,21,10,56
,JLTS_Clone_P2_marksman_501,NA,,8533.18,5237.44,0.00370789,085052,B1 - 36837,RD501_opfor_unit_B1_crew,2017,7,21,10,57
,JLTS_Clone_P2_corporal_501,NA,,8525.31,5252.55,0.0027771,085052,B1 - 36837,RD501_opfor_unit_B1_crew,2017,7,21,10,57
,RD501_opfor_unit_B1_heavy,NA,,8602.19,4668.51,0.00144005,086046,CT - 0682,JLTS_Clone_P2_medic_501,2017,7,21,10,58
,RD501_z95_blue,NA,,-1392.72,9825.6,481.289,986098,Martin,B_UAV_AI,2017,7,21,10,58
,RD501_opfor_unit_B1,NA,,8612.78,4684.91,0.00143909,086046,CT - 0682,JLTS_Clone_P2_medic_501,2017,7,21,10,58
,RD501_opfor_unit_B1,NA,,8650.27,4679.5,0.00143909,086046,CT - 7667,JLTS_Clone_P2_at_501,2017,7,21,10,58
,RD501_opfor_unit_B1_AT_heavy,NA,,8637.44,4677.96,0.00143909,086046,CT - 7667,JLTS_Clone_P2_at_501,2017,7,21,10,58
,JLTS_Clone_P2_at_501,NA,,8501.87,5257.5,0.00189209,085052,B1 - 36837,RD501_opfor_unit_B1_crew,2017,7,21,10,58
,JLTS_Clone_P2_medic_501,NA,,8504.17,5260.16,0.00128555,085052,B1 - 36837,RD501_opfor_unit_B1_crew,2017,7,21,10,58
,RD501_CIS_SHORAD,NA,,2692.87,1395.06,2.92856,026013,CX-C Moony,JLTS_Clone_P2_DC15A_501,2017,7,21,10,58
,B_UAV_AI,NA,,2692.87,1395.06,2.63905,026013,Error: No vehicle,,2017,7,21,10,58
CX-X Diablo,JLTS_Clone_P2_DC15A_501,AIR,Razor 2-2 (C),-567.019,17684.3,-28.8133,994176,CX-X Diablo,JLTS_Clone_P2_DC15A_501,2017,7,21,10,58
,RD501_CIS_SHORAD,NA,,2559.38,1739.38,-0.074872,025017,CX-C Moony,JLTS_Clone_P2_DC15A_501,2017,7,21,10,59
,B_UAV_AI,NA,,2559.38,1739.38,2.50576,025017,Error: No vehicle,,2017,7,21,10,59
,JLTS_Clone_P2_DC15A_501,NA,,8364.75,5298.52,0.000299454,083052,B1 - 49764,RD501_AAT_Brown,2017,7,21,10,59
,Land_Cargo_Patrol_V1_F,NA,,9611.23,6989.25,-4.26769,096069,Jones,B_UAV_AI,2017,7,21,10,59
,,NA,,0,0,0,000000,Error: No vehicle,,2017,7,21,10,59
,,NA,,0,0,0,000000,Error: No vehicle,,2017,7,21,10,59
,,NA,,0,0,0,000000,Error: No vehicle,,2017,7,21,10,59
,,NA,,0,0,0,000000,Error: No vehicle,,2017,7,21,10,59
,,NA,,0,0,0,000000,Error: No vehicle,,2017,7,21,10,59
,,NA,,0,0,0,000000,Error: No vehicle,,2017,7,21,10,59
,,NA,,0,0,0,000000,Error: No vehicle,,2017,7,21,10,59
,,NA,,0,0,0,000000,Error: No vehicle,,2017,7,21,10,59
,RD501_opfor_unit_B1_crew,NA,,9505.13,5813.97,0.0843194,095058,CT - 6773,JLTS_Clone_P2_DC15A_501,2017,7,21,10,59
,RD501_arc_170_razor,NA,,15034.6,1779.83,1473.61,150017,Allen,B_UAV_AI,2017,7,21,10,59
CX-X Saltopus,JLTS_Clone_P2_DC15A_501,AIR,Razor 2-2 (B),17586.6,1839.43,1614.27,175018,Error: No vehicle,,2017,7,21,11,0
,Land_LampShabby_F,NA,,6976.55,1117.28,-3.81188,069011,Roberts,B_UAV_AI,2017,7,21,11,1
,,NA,,0,0,0,000000,Error: No vehicle,,2017,7,21,11,1
,,NA,,0,0,0,000000,Error: No vehicle,,2017,7,21,11,1
,,NA,,0,0,0,000000,Error: No vehicle,,2017,7,21,11,1
,,NA,,0,0,0,000000,Error: No vehicle,,2017,7,21,11,1
,,NA,,0,0,0,000000,Error: No vehicle,,2017,7,21,11,1
,,NA,,0,0,0,000000,Error: No vehicle,,2017,7,21,11,1
,,NA,,0,0,0,000000,Error: No vehicle,,2017,7,21,11,1
,,NA,,0,0,0,000000,Error: No vehicle,,2017,7,21,11,1
,RD501_Vulture,NA,,9666.68,6366.94,366.912,096063,Smith,B_UAV_AI,2017,7,21,11,1
,RD501_opfor_unit_B1_pilot,NA,,9666.39,6364.7,373.096,096063,Smith,B_UAV_AI,2017,7,21,11,1
,Land_Cargo_Patrol_V1_F,NA,,9638.39,6946.07,-4.26733,096069,Santorum,B_UAV_AI,2017,7,21,11,2
,Land_Cargo_HQ_V1_F,NA,,9611.24,6969.52,-0.55685,096069,Santorum,B_UAV_AI,2017,7,21,11,2
,,NA,,0,0,0,000000,Error: No vehicle,,2017,7,21,11,2
,,NA,,0,0,0,000000,Error: No vehicle,,2017,7,21,11,2
,,NA,,0,0,0,000000,Error: No vehicle,,2017,7,21,11,2
,,NA,,0,0,0,000000,Error: No vehicle,,2017,7,21,11,2
,,NA,,0,0,0,000000,Error: No vehicle,,2017,7,21,11,2
,,NA,,0,0,0,000000,Error: No vehicle,,2017,7,21,11,2
,,NA,,0,0,0,000000,Error: No vehicle,,2017,7,21,11,2
,,NA,,0,0,0,000000,Error: No vehicle,,2017,7,21,11,2
,,NA,,0,0,0,000000,Error: No vehicle,,2017,7,21,11,2
,,NA,,0,0,0,000000,Error: No vehicle,,2017,7,21,11,2
,,NA,,0,0,0,000000,Error: No vehicle,,2017,7,21,11,2
,,NA,,0,0,0,000000,Error: No vehicle,,2017,7,21,11,2
,,NA,,0,0,0,000000,Error: No vehicle,,2017,7,21,11,2
,,NA,,0,0,0,000000,Error: No vehicle,,2017,7,21,11,2
,,NA,,0,0,0,000000,Error: No vehicle,,2017,7,21,11,2
,,NA,,0,0,0,000000,Error: No vehicle,,2017,7,21,11,2
,Land_dp_smallTank_F,NA,,9588.94,6962.48,0,095069,Santorum,B_UAV_AI,2017,7,21,11,2
,,NA,,0,0,0,000000,Error: No vehicle,,2017,7,21,11,2
,,NA,,0,0,0,000000,Error: No vehicle,,2017,7,21,11,2
,,NA,,0,0,0,000000,Error: No vehicle,,2017,7,21,11,2
,,NA,,0,0,0,000000,Error: No vehicle,,2017,7,21,11,2
,,NA,,0,0,0,000000,Error: No vehicle,,2017,7,21,11,2
,,NA,,0,0,0,000000,Error: No vehicle,,2017,7,21,11,2
,,NA,,0,0,0,000000,Error: No vehicle,,2017,7,21,11,2
,Land_Cargo_Patrol_V1_F,NA,,9573.69,6931.46,-4.26734,095069,Santorum,B_UAV_AI,2017,7,21,11,2
,RD501_CIS_Static_AA_SR_ML,NA,,9615.86,6937.55,0.0893211,096069,Santorum,RD501_CIS_Static_AA_SR_ML,2017,7,21,11,2
,B_UAV_AI,NA,,9615.86,6937.55,1.79514,096069,Error: No vehicle,,2017,7,21,11,2
,,NA,,0,0,0,000000,Error: No vehicle,,2017,7,21,11,2
,,NA,,0,0,0,000000,Error: No vehicle,,2017,7,21,11,2
,,NA,,0,0,0,000000,Error: No vehicle,,2017,7,21,11,2
,,NA,,0,0,0,000000,Error: No vehicle,,2017,7,21,11,2
,,NA,,0,0,0,000000,Error: No vehicle,,2017,7,21,11,2
,,NA,,0,0,0,000000,Error: No vehicle,,2017,7,21,11,2
,,NA,,0,0,0,000000,Error: No vehicle,,2017,7,21,11,2
,,NA,,0,0,0,000000,Error: No vehicle,,2017,7,21,11,2
,,NA,,0,0,0,000000,Error: No vehicle,,2017,7,21,11,2
,RD501_Vulture,NA,,5347.78,8438.2,83.7309,053084,8579,RD501_opfor_unit_B1_pilot,2017,7,21,11,2
,RD501_opfor_unit_B1_pilot,NA,,5349.58,8436.9,90.1673,053084,8579,RD501_opfor_unit_B1_pilot,2017,7,21,11,2
,RD501_opfor_unit_B1,NA,,8094.18,4941.42,0.00143862,080049,CT - 0649,JLTS_Clone_P2_DC15A_501,2017,7,21,11,2
,RD501_LAAT_MKIII_Balls,NA,,1481.47,9434.99,0,014094,CX-X Mulkot,JLTS_Clone_P2_DC15A_501,2017,7,21,11,2
,Land_Telek1,NA,,947.051,9634.65,3.8147e-006,009096,MacDonald,B_UAV_AI,2017,7,21,11,2
,,NA,,0,0,0,000000,Error: No vehicle,,2017,7,21,11,2
,,NA,,0,0,0,000000,Error: No vehicle,,2017,7,21,11,2
,,NA,,0,0,0,000000,Error: No vehicle,,2017,7,21,11,2
,,NA,,0,0,0,000000,Error: No vehicle,,2017,7,21,11,2
,,NA,,0,0,0,000000,Error: No vehicle,,2017,7,21,11,2
,,NA,,0,0,0,000000,Error: No vehicle,,2017,7,21,11,2
,,NA,,0,0,0,000000,Error: No vehicle,,2017,7,21,11,2
,,NA,,0,0,0,000000,Error: No vehicle,,2017,7,21,11,2
,Land_Panelak3,NA,,886.211,9446,0.0515347,008094,MacDonald,B_UAV_AI,2017,7,21,11,3
,,NA,,0,0,0,000000,Error: No vehicle,,2017,7,21,11,3
,,NA,,0,0,0,000000,Error: No vehicle,,2017,7,21,11,3
,,NA,,0,0,0,000000,Error: No vehicle,,2017,7,21,11,3
,,NA,,0,0,0,000000,Error: No vehicle,,2017,7,21,11,3
,,NA,,0,0,0,000000,Error: No vehicle,,2017,7,21,11,3
,,NA,,0,0,0,000000,Error: No vehicle,,2017,7,21,11,3
,,NA,,0,0,0,000000,Error: No vehicle,,2017,7,21,11,3
,,NA,,0,0,0,000000,Error: No vehicle,,2017,7,21,11,3
,RD501_speedboat_cis,NA,,9504.62,5832.09,-1.00275,095058,B1 - 67339,RD501_speedboat_cis,2017,7,21,11,3
,RD501_opfor_unit_B1_crew,NA,,9504.62,5832.09,2.40037,095058,B1 - 26732,RD501_opfor_unit_B1_crew,2017,7,21,11,3
,RD501_opfor_unit_B1_crew,NA,,9504.62,5832.09,2.40037,095058,B1 - 67339,RD501_opfor_unit_B1_crew,2017,7,21,11,3
,RD501_Vulture,NA,,1966.39,9309.3,251.765,019093,CX-C Dagger,JLTS_Clone_P2_DC15A_501,2017,7,21,11,3
,RD501_opfor_unit_B1_pilot,NA,,1966.88,9307.07,257.199,019093,CX-C Dagger,JLTS_Clone_P2_DC15A_501,2017,7,21,11,3
,RD501_Vulture,NA,,4087.18,10928.8,145.414,040109,CX-C Dagger,JLTS_Clone_P2_DC15A_501,2017,7,21,11,3
,RD501_opfor_unit_B1_pilot,NA,,4085.38,10928.7,152.711,040109,CX-C Dagger,JLTS_Clone_P2_DC15A_501,2017,7,21,11,3
,Land_Lampa_sidl,NA,,990.713,9672.27,-5.28535,009096,MacDonald,B_UAV_AI,2017,7,21,11,3
,,NA,,0,0,0,000000,Error: No vehicle,,2017,7,21,11,3
,,NA,,0,0,0,000000,Error: No vehicle,,2017,7,21,11,3
,,NA,,0,0,0,000000,Error: No vehicle,,2017,7,21,11,3
,,NA,,0,0,0,000000,Error: No vehicle,,2017,7,21,11,3
,,NA,,0,0,0,000000,Error: No vehicle,,2017,7,21,11,3
,,NA,,0,0,0,000000,Error: No vehicle,,2017,7,21,11,3
,,NA,,0,0,0,000000,Error: No vehicle,,2017,7,21,11,3
,,NA,,0,0,0,000000,Error: No vehicle,,2017,7,21,11,3
CX-X Mulkot,JLTS_Clone_P2_DC15A_501,AIR,Razor 3-1 (D),1315.97,9442.6,-0.385857,013094,CX-X Mulkot,JLTS_Clone_P2_DC15A_501,2017,7,21,11,3
,RD501_Vulture,NA,,2195.85,9892.43,132.207,021098,MacDonald,B_UAV_AI,2017,7,21,11,3
,RD501_opfor_unit_B1_pilot,NA,,2200.5,9891.08,138.088,022098,MacDonald,B_UAV_AI,2017,7,21,11,3
,RD501_Vulture,NA,,4989.01,6916.35,212.385,049069,CX-X Saltopus,JLTS_Clone_P2_DC15A_501,2017,7,21,11,3
,RD501_opfor_unit_B1_pilot,NA,,4990.54,6918.02,217.217,049069,CX-X Saltopus,JLTS_Clone_P2_DC15A_501,2017,7,21,11,3
,RD501_opfor_unit_B1,NA,,8264.32,4923.73,-0.0621462,082049,CT - 7886,JLTS_Clone_P2_marksman_501,2017,7,21,11,3
,RD501_opfor_unit_B1,NA,,8257.72,4956.17,-0.00687122,082049,CT - 2683,JLTS_Clone_P2_DC15A_501,2017,7,21,11,4
,RD501_opfor_unit_B1,NA,,8259.95,4937.84,0.00131702,082049,CT - 0649,JLTS_Clone_P2_DC15A_501,2017,7,21,11,4
,RD501_opfor_unit_B1,NA,,8245.98,4974.81,0.103189,082049,CT - 0649,JLTS_Clone_P2_DC15A_501,2017,7,21,11,4
,RD501_opfor_unit_B1,NA,,8259.36,4942.82,0.00151539,082049,CT - 0649,JLTS_Clone_P2_DC15A_501,2017,7,21,11,4
,RD501_opfor_unit_B1,NA,,8275.96,4933.14,0.0014534,082049,CT - 5558,JLTS_Clone_P2_sergeantmajor_501,2017,7,21,11,4
,Land_Ind_Workshop01_03,NA,,2866.79,1179.47,0.0794635,028011,CX-X Saltopus,JLTS_Clone_P2_DC15A_501,2017,7,21,11,4
,,NA,,0,0,0,000000,Error: No vehicle,,2017,7,21,11,4
,,NA,,0,0,0,000000,Error: No vehicle,,2017,7,21,11,4
,,NA,,0,0,0,000000,Error: No vehicle,,2017,7,21,11,4
,,NA,,0,0,0,000000,Error: No vehicle,,2017,7,21,11,4
,,NA,,0,0,0,000000,Error: No vehicle,,2017,7,21,11,4
,,NA,,0,0,0,000000,Error: No vehicle,,2017,7,21,11,4
,,NA,,0,0,0,000000,Error: No vehicle,,2017,7,21,11,4
,,NA,,0,0,0,000000,Error: No vehicle,,2017,7,21,11,4
,RD501_arc_170_razor,NA,,1924.6,2199.47,413.594,019021,MacDonald,B_UAV_AI,2017,7,21,11,4
CX-X Saltopus,JLTS_Clone_P2_DC15A_501,AIR,Razor 2-2 (B),2727.07,2158.94,4.16512,027021,Error: No vehicle,,2017,7,21,11,5
,RD501_cis_gat_aa,NA,,2637.01,1304.69,-0.338273,026013,CX-C Moony,JLTS_Clone_P2_DC15A_501,2017,7,21,11,5
,RD501_opfor_unit_B1_crew,NA,,2637.01,1304.69,-0.273451,026013,CX-C Moony,JLTS_Clone_P2_DC15A_501,2017,7,21,11,5
,RD501_opfor_unit_B1_crew,NA,,2637.11,1304.63,-0.481805,026013,CX-C Moony,JLTS_Clone_P2_DC15A_501,2017,7,21,11,5
,Land_Shed_Ind02,NA,,2649.51,1293.89,-0.420742,026012,CX-C Moony,JLTS_Clone_P2_DC15A_501,2017,7,21,11,5
,,NA,,0,0,0,000000,Error: No vehicle,,2017,7,21,11,5
,,NA,,0,0,0,000000,Error: No vehicle,,2017,7,21,11,5
,,NA,,0,0,0,000000,Error: No vehicle,,2017,7,21,11,5
,,NA,,0,0,0,000000,Error: No vehicle,,2017,7,21,11,5
,,NA,,0,0,0,000000,Error: No vehicle,,2017,7,21,11,5
,,NA,,0,0,0,000000,Error: No vehicle,,2017,7,21,11,5
,,NA,,0,0,0,000000,Error: No vehicle,,2017,7,21,11,5
,RD501_opfor_unit_B1_heavy,NA,,2063.05,1347.77,0.00143909,020013,'Whiskey',SWLB_clone_base_P2,2017,7,21,11,5
,SWLB_clone_sg_base_P2,NA,,1794.33,1194.99,0.00143909,017011,65415,RD501_opfor_unit_B1,2017,7,21,11,6
,RD501_LAAT_MKIII_Balls,NA,,-602.777,2274.92,-2.38167,993022,CX-C Moony,JLTS_Clone_P2_DC15A_501,2017,7,21,11,6
,RD501_arc_170_razor,NA,,5651.34,7419.14,-9.3066,056074,CX-C Dagger,JLTS_Clone_P2_DC15A_501,2017,7,21,11,6
,I_Ejection_Seat_Plane_Fighter_03_F,NA,,5668.48,7430.01,111.012,056074,Error: No unit,I_Ejection_Seat_Plane_Fighter_03_F,2017,7,21,11,6
,JLTS_Clone_P2_DC15A_501,NA,,8114.78,4948.65,-0.321137,081049,CT - 0649,JLTS_Clone_P2_DC15A_501,2017,7,21,11,6
,SWLB_clone_RTO_base_P2,NA,,1754.24,1239.6,0.0116148,017012,7751,RD501_opfor_unit_B1_heavy,2017,7,21,11,6
,Steerable_Parachute_F,NA,,5442.3,7235.54,2.25754,054072,CX-C Dagger,JLTS_Clone_P2_DC15A_501,2017,7,21,11,6
CX-C Moony,JLTS_Clone_P2_DC15A_501,AIR,Razor 4-1 (C),-574.076,2664.47,-27.0744,994026,Error: No vehicle,,2017,7,21,11,6
,SWLB_clone_base_P2,NA,,1776.16,1196.76,0.00143909,017011,9382,RD501_opfor_unit_B1_heavy,2017,7,21,11,6
,SWLB_clone_medic_base_P2,NA,,1771.79,1190.18,0.00143909,017011,0699,RD501_opfor_unit_B1_AT_heavy,2017,7,21,11,7
,RD501_opfor_unit_B1,NA,,8284.48,4653.75,0.00143898,082046,CT - 8165,JLTS_Clone_P2_marksman_501,2017,7,21,11,7
,SWLB_clone_base_P2,NA,,1777.5,1194.28,0.00143909,017011,02974,RD501_opfor_unit_B1,2017,7,21,11,7
,SWLB_clone_base_P2,NA,,1780.34,1202.24,0.00143909,017012,65415,RD501_opfor_unit_B1,2017,7,21,11,7
,SWLB_clone_at_base_P2,NA,,1777.1,1210.5,0.00143909,017012,02974,RD501_opfor_unit_B1,2017,7,21,11,7
,SWLB_clone_assault_base_P2,NA,,1783.8,1205.14,0.00143909,017012,6057,RD501_opfor_unit_B1_heavy,2017,7,21,11,7
,RD501_opfor_unit_B1,NA,,8357.75,4906.25,0.00143909,083049,CT - 2588,JLTS_Clone_P2_medic_501,2017,7,21,11,7
,JLTS_Clone_P2_DC15A_501,NA,,8114.58,4993.34,0.0014286,081049,B1 - 25627,RD501_opfor_unit_B1_crew,2017,7,21,11,7
,RD501_opfor_unit_B1_shotgun,NA,,1729.06,1333.44,0.00143909,017013,'Hash',SWLB_clone_at_base_P2,2017,7,21,11,7
,SWLB_clone_RTO_base_P2,NA,,1759.85,1182.82,0.00143719,017011,10495,RD501_opfor_unit_B1,2017,7,21,11,7
,RD501_opfor_unit_B1_heavy,NA,,1654.16,1401.27,0.00143909,016014,'Hitch',SWLB_clone_base_P2,2017,7,21,11,7
,RD501_opfor_unit_B1,NA,,1647.5,1484.3,0.00143909,016014,'Lost Prophet',SWLB_clone_base_P2,2017,7,21,11,7
,RD501_opfor_unit_B1_heavy,NA,,1712.58,1449.06,0.00111771,017014,'Bow',SWLB_clone_base_P2,2017,7,21,11,7
,RD501_opfor_unit_B1,NA,,8348.77,4911.93,0.00143909,083049,CT - 2588,JLTS_Clone_P2_medic_501,2017,7,21,11,7
,SWLB_clone_base_P2,NA,,1774.85,1197.82,0.00143909,017011,Campbell,SWLB_clone_medic_base_P2,2017,7,21,11,7
,RD501_opfor_unit_B1,NA,,1724,1446.94,0.00116444,017014,'Lost Prophet',SWLB_clone_base_P2,2017,7,21,11,7
,RD501_opfor_unit_B1,NA,,8358.95,4889.48,0.00143909,083048,CT - 2588,JLTS_Clone_P2_medic_501,2017,7,21,11,7
,RD501_opfor_unit_B1,NA,,2076.36,1348.79,0.00143909,020013,1921,RD501_opfor_unit_B1_heavy,2017,7,21,11,7
,RD501_opfor_unit_B1_AT_heavy,NA,,1707.5,1449.59,0.0010581,017014,9382,RD501_opfor_unit_B1_heavy,2017,7,21,11,7
,SWLB_clone_base_P2,NA,,1762.5,1210.49,0.00143909,017012,0596,RD501_opfor_unit_B1,2017,7,21,11,8
,SWLB_clone_assault_base_P2,NA,,1773.81,1207.41,0.00143909,017012,0596,RD501_opfor_unit_B1,2017,7,21,11,8
,RD501_opfor_unit_B1_heavy,NA,,1747.91,1365.6,0.00143909,017013,'Crag',SWLB_clone_base_P2,2017,7,21,11,8
,JLTS_Clone_P2_medic_501,NA,,8271.88,5054.16,0.00143909,082050,B1 - 31643,RD501_opfor_unit_B1,2017,7,21,11,8
CX-C Dagger,JLTS_Clone_P2_DC15A_501,AIR,Razor 1-2 (D),5441.28,7234.7,0.00169945,054072,CX-C Dagger,JLTS_Clone_P2_DC15A_501,2017,7,21,11,8
,SWLB_clone_sg_base_P2,NA,,1794.41,1189.85,0.206069,017011,08064,RD501_opfor_unit_B1,2017,7,21,11,8
,RD501_opfor_unit_B1_heavy,NA,,2012.59,1329.19,0.00143909,020013,'Engle',SWLB_clone_base_P2,2017,7,21,11,8
,SWLB_clone_medic_base_P2,NA,,1798.71,1184.32,0.100088,017011,2311,RD501_opfor_unit_B1_heavy,2017,7,21,11,8
,SWLB_clone_RTO_base_P2,NA,,1768.75,1211.72,0.00143909,017012,0596,RD501_opfor_unit_B1,2017,7,21,11,8
,RD501_AAT_Brown,NA,,1974.16,1099.36,-0.0757275,019010,CX-X Diablo,JLTS_Clone_P2_DC15A_501,2017,7,21,11,8
,RD501_opfor_unit_B1_crew,NA,,1974.16,1099.36,9.53674e-007,019010,CX-X Diablo,JLTS_Clone_P2_DC15A_501,2017,7,21,11,8
,RD501_opfor_unit_B1_crew,NA,,1974.16,1099.36,9.53674e-007,019010,CX-X Diablo,JLTS_Clone_P2_DC15A_501,2017,7,21,11,8
,RD501_opfor_unit_B1_crew,NA,,1974.16,1099.36,9.53674e-007,019010,CX-X Diablo,JLTS_Clone_P2_DC15A_501,2017,7,21,11,8
,RD501_opfor_unit_B1,NA,,8350.99,4898.27,0.00143909,083048,CT - 3883,JLTS_Clone_P2_marksman_501,2017,7,21,11,8
,SWLB_clone_assault_base_P2,NA,,1784.47,1205.62,0.00143909,017012,Haidari,RD501_opfor_unit_B2_droid_Standard,2017,7,21,11,8
,SWLB_clone_sg_base_P2,NA,,1779.49,1203.02,0.00143909,017012,Haidari,RD501_opfor_unit_B2_droid_Standard,2017,7,21,11,8
,RD501_opfor_unit_B2_droid_Super,NA,,1937.46,1421.9,0.00143719,019014,CX-X Diablo,JLTS_Clone_P2_DC15A_501,2017,7,21,11,8
,RD501_opfor_unit_B1,NA,,1738.25,1385.71,0.116006,017013,'Hash',SWLB_clone_at_base_P2,2017,7,21,11,8
,RD501_opfor_unit_B1,NA,,2070.31,1348.77,0.00143909,020013,'Hash',SWLB_clone_at_base_P2,2017,7,21,11,8
,RD501_opfor_unit_B1,NA,,2837.26,1220.21,0.00133228,028012,Smith,B_UAV_AI,2017,7,21,11,8
,RD501_opfor_unit_B1,NA,,2826.39,1200.23,0.00154495,028012,Smith,B_UAV_AI,2017,7,21,11,8
,RD501_opfor_unit_B1_heavy,NA,,2845,1308.32,0.00124454,028013,Smith,B_UAV_AI,2017,7,21,11,8
,RD501_opfor_unit_B1_heavy,NA,,2809.9,1292.21,0.00193405,028012,Smith,B_UAV_AI,2017,7,21,11,8
,RD501_opfor_unit_B1_crew,NA,,6725.21,4683.64,0.00147247,067046,B1 - 7529,RD501_opfor_unit_B1_crew,2017,7,21,11,8
,RD501_opfor_unit_B1_heavy,NA,,1995.99,1352.4,0.00143909,019013,'Crag',SWLB_clone_base_P2,2017,7,21,11,9
,RD501_opfor_unit_B1,NA,,2071,1350.63,0.00143909,020013,'Engle',SWLB_clone_base_P2,2017,7,21,11,9
,RD501_opfor_unit_B1_AT_heavy,NA,,2059.68,1348.13,0.00143909,020013,'Bow',SWLB_clone_base_P2,2017,7,21,11,9
,RD501_opfor_unit_B1_heavy,NA,,2059.99,1348.93,-0.0122976,020013,'Hash',SWLB_clone_at_base_P2,2017,7,21,11,9
,Land_Fuelstation_army,NA,,8663.23,4783.6,-0.234198,086047,CX-X Saltopus,JLTS_Clone_P2_DC15A_501,2017,7,21,11,9
,,NA,,0,0,0,000000,Error: No vehicle,,2017,7,21,11,9
,,NA,,0,0,0,000000,Error: No vehicle,,2017,7,21,11,9
,,NA,,0,0,0,000000,Error: No vehicle,,2017,7,21,11,9
,,NA,,0,0,0,000000,Error: No vehicle,,2017,7,21,11,9
,,NA,,0,0,0,000000,Error: No vehicle,,2017,7,21,11,9
,,NA,,0,0,0,000000,Error: No vehicle,,2017,7,21,11,9
,,NA,,0,0,0,000000,Error: No vehicle,,2017,7,21,11,9
,,NA,,0,0,0,000000,Error: No vehicle,,2017,7,21,11,9
,SWLB_clone_at_base_P2,NA,,1777.84,1213.59,0.194963,017012,Bakhtari,RD501_opfor_unit_B2_droid_Super,2017,7,21,11,9
,JLTS_Clone_P2_corporal_501,NA,,8117.36,5020.05,0.00143909,081050,B1 - 25627,RD501_opfor_unit_B1_crew,2017,7,21,11,9
,JLTS_Clone_P2_at_501,NA,,8142.13,4975.52,-0.00189209,081049,B1 - 20738,RD501_AAT_Brown,2017,7,21,11,9
,RD501_Vulture,NA,,-595.179,3596.48,456.406,994035,Smith,B_UAV_AI,2017,7,21,11,9
,RD501_opfor_unit_B1_pilot,NA,,-596.42,3594.67,462.963,994035,Smith,B_UAV_AI,2017,7,21,11,9
,RD501_opfor_unit_B1_AT_heavy,NA,,8627.78,4653.08,0.00144005,086046,B1 - 36837,RD501_opfor_unit_B1_crew,2017,7,21,11,9
,RD501_opfor_unit_B1,NA,,8632.4,4658.36,-0.0857649,086046,B1 - 36837,RD501_opfor_unit_B1_crew,2017,7,21,11,9
,SWLB_clone_medic_base_P2,NA,,1754.32,1191.15,0.00143909,017011,0112,RD501_opfor_unit_B1_AT_heavy,2017,7,21,11,10
,RD501_opfor_unit_B1,NA,,1951.23,1406.92,0.00143909,019014,'Bow',SWLB_clone_base_P2,2017,7,21,11,10
,RD501_Vulture,NA,,-548.358,4925.24,372.554,994049,2311,RD501_opfor_unit_B1_pilot,2017,7,21,11,10
,RD501_opfor_unit_B1_pilot,NA,,-549.67,4922.54,379.114,994049,2311,RD501_opfor_unit_B1_pilot,2017,7,21,11,10
,RD501_LAAT_MKIII_Balls,NA,,-381.172,5620.56,374.72,996056,2311,RD501_opfor_unit_B1_pilot,2017,7,21,11,10
,RD501_opfor_unit_B1_heavy,NA,,2030.15,1363.4,0.00143909,020013,'Crag',SWLB_clone_base_P2,2017,7,21,11,10
,RD501_Vulture,NA,,-21.7931,6985.86,512.58,999069,Smith,B_UAV_AI,2017,7,21,11,10
,RD501_opfor_unit_B1_pilot,NA,,-36.2501,6957.67,524.017,999069,Smith,B_UAV_AI,2017,7,21,11,10
CX-X Diablo,JLTS_Clone_P2_DC15A_501,AIR,Razor 2-2 (C),-133.187,6504.08,-26.9771,998065,CX-X Diablo,JLTS_Clone_P2_DC15A_501,2017,7,21,11,10
,JLTS_Clone_P2_corporal_501,NA,,8259.8,5100.67,0.00145531,082051,B1 - 25627,RD501_opfor_unit_B1_crew,2017,7,21,11,10
,RD501_opfor_unit_B1,NA,,2062.7,1349.52,0.000592232,020013,'Hash',SWLB_clone_at_base_P2,2017,7,21,11,10
,JLTS_Clone_P2_sergeantmajor_501,NA,,8251.48,5064.6,0.00143909,082050,B1 - 20738,RD501_AAT_Brown,2017,7,21,11,10
,SWLB_clone_at_base_P2,NA,,1758.45,1183.96,0.0272126,017011,0596,RD501_opfor_unit_B1,2017,7,21,11,10
,Land_Kulna,NA,,6947.89,1848.28,-0.845003,069018,Leahy,B_UAV_AI,2017,7,21,11,10
,Land_Kulna,NA,,6945.21,1852.69,-0.848969,069018,Leahy,B_UAV_AI,2017,7,21,11,10
,Land_Kulna,NA,,6949.56,1853.41,-0.998459,069018,Leahy,B_UAV_AI,2017,7,21,11,10
,Land_Kulna,NA,,6947.87,1861.62,-0.823079,069018,Leahy,B_UAV_AI,2017,7,21,11,10
,,NA,,0,0,0,000000,Error: No vehicle,,2017,7,21,11,10
,,NA,,0,0,0,000000,Error: No vehicle,,2017,7,21,11,10
,,NA,,0,0,0,000000,Error: No vehicle,,2017,7,21,11,10
,,NA,,0,0,0,000000,Error: No vehicle,,2017,7,21,11,10
,Land_Kulna,NA,,6989.61,1820.81,-0.161044,069018,Leahy,B_UAV_AI,2017,7,21,11,10
,Land_Kulna,NA,,6964.4,1855.48,-4.76837e-007,069018,Leahy,B_UAV_AI,2017,7,21,11,10
,Land_Kulna,NA,,6968.89,1852.48,-0.0947018,069018,Leahy,B_UAV_AI,2017,7,21,11,10
,Land_Kulna,NA,,6976.36,1859.32,0.0271888,069018,Leahy,B_UAV_AI,2017,7,21,11,10
,,NA,,0,0,0,000000,Error: No vehicle,,2017,7,21,11,10
,,NA,,0,0,0,000000,Error: No vehicle,,2017,7,21,11,10
,,NA,,0,0,0,000000,Error: No vehicle,,2017,7,21,11,10
,,NA,,0,0,0,000000,Error: No vehicle,,2017,7,21,11,10
,,NA,,0,0,0,000000,Error: No vehicle,,2017,7,21,11,10
,,NA,,0,0,0,000000,Error: No vehicle,,2017,7,21,11,10
,,NA,,0,0,0,000000,Error: No vehicle,,2017,7,21,11,10
,,NA,,0,0,0,000000,Error: No vehicle,,2017,7,21,11,10
,,NA,,0,0,0,000000,Error: No vehicle,,2017,7,21,11,10
,,NA,,0,0,0,000000,Error: No vehicle,,2017,7,21,11,10
,,NA,,0,0,0,000000,Error: No vehicle,,2017,7,21,11,10
,,NA,,0,0,0,000000,Error: No vehicle,,2017,7,21,11,10
,,NA,,0,0,0,000000,Error: No vehicle,,2017,7,21,11,10
,,NA,,0,0,0,000000,Error: No vehicle,,2017,7,21,11,10
,,NA,,0,0,0,000000,Error: No vehicle,,2017,7,21,11,10
,,NA,,0,0,0,000000,Error: No vehicle,,2017,7,21,11,10
,,NA,,0,0,0,000000,Error: No vehicle,,2017,7,21,11,10
,,NA,,0,0,0,000000,Error: No vehicle,,2017,7,21,11,10
,,NA,,0,0,0,000000,Error: No vehicle,,2017,7,21,11,10
,,NA,,0,0,0,000000,Error: No vehicle,,2017,7,21,11,10
,,NA,,0,0,0,000000,Error: No vehicle,,2017,7,21,11,10
,,NA,,0,0,0,000000,Error: No vehicle,,2017,7,21,11,10
,,NA,,0,0,0,000000,Error: No vehicle,,2017,7,21,11,10
,,NA,,0,0,0,000000,Error: No vehicle,,2017,7,21,11,10
,,NA,,0,0,0,000000,Error: No vehicle,,2017,7,21,11,10
,,NA,,0,0,0,000000,Error: No vehicle,,2017,7,21,11,10
,,NA,,0,0,0,000000,Error: No vehicle,,2017,7,21,11,10
,,NA,,0,0,0,000000,Error: No vehicle,,2017,7,21,11,10
,,NA,,0,0,0,000000,Error: No vehicle,,2017,7,21,11,10
,,NA,,0,0,0,000000,Error: No vehicle,,2017,7,21,11,10
,,NA,,0,0,0,000000,Error: No vehicle,,2017,7,21,11,10
,,NA,,0,0,0,000000,Error: No vehicle,,2017,7,21,11,10
,,NA,,0,0,0,000000,Error: No vehicle,,2017,7,21,11,10
,,NA,,0,0,0,000000,Error: No vehicle,,2017,7,21,11,10
,,NA,,0,0,0,000000,Error: No vehicle,,2017,7,21,11,10
,,NA,,0,0,0,000000,Error: No vehicle,,2017,7,21,11,10
,,NA,,0,0,0,000000,Error: No vehicle,,2017,7,21,11,10
,,NA,,0,0,0,000000,Error: No vehicle,,2017,7,21,11,10
,,NA,,0,0,0,000000,Error: No vehicle,,2017,7,21,11,10
,,NA,,0,0,0,000000,Error: No vehicle,,2017,7,21,11,10
,,NA,,0,0,0,000000,Error: No vehicle,,2017,7,21,11,10
,,NA,,0,0,0,000000,Error: No vehicle,,2017,7,21,11,10
,,NA,,0,0,0,000000,Error: No vehicle,,2017,7,21,11,10
,,NA,,0,0,0,000000,Error: No vehicle,,2017,7,21,11,10
,,NA,,0,0,0,000000,Error: No vehicle,,2017,7,21,11,10
,,NA,,0,0,0,000000,Error: No vehicle,,2017,7,21,11,10
,,NA,,0,0,0,000000,Error: No vehicle,,2017,7,21,11,10
,,NA,,0,0,0,000000,Error: No vehicle,,2017,7,21,11,10
,,NA,,0,0,0,000000,Error: No vehicle,,2017,7,21,11,10
,,NA,,0,0,0,000000,Error: No vehicle,,2017,7,21,11,10
,,NA,,0,0,0,000000,Error: No vehicle,,2017,7,21,11,10
,,NA,,0,0,0,000000,Error: No vehicle,,2017,7,21,11,10
,,NA,,0,0,0,000000,Error: No vehicle,,2017,7,21,11,10
,,NA,,0,0,0,000000,Error: No vehicle,,2017,7,21,11,10
,,NA,,0,0,0,000000,Error: No vehicle,,2017,7,21,11,10
,,NA,,0,0,0,000000,Error: No vehicle,,2017,7,21,11,10
,Land_LampShabby_F,NA,,7293.43,1385.6,-3.81316,072013,Martin,B_UAV_AI,2017,7,21,11,10
,,NA,,0,0,0,000000,Error: No vehicle,,2017,7,21,11,10
,,NA,,0,0,0,000000,Error: No vehicle,,2017,7,21,11,10
,,NA,,0,0,0,000000,Error: No vehicle,,2017,7,21,11,10
,,NA,,0,0,0,000000,Error: No vehicle,,2017,7,21,11,10
,,NA,,0,0,0,000000,Error: No vehicle,,2017,7,21,11,10
,,NA,,0,0,0,000000,Error: No vehicle,,2017,7,21,11,10
,,NA,,0,0,0,000000,Error: No vehicle,,2017,7,21,11,10
,,NA,,0,0,0,000000,Error: No vehicle,,2017,7,21,11,10
,,NA,,0,0,0,000000,Error: No vehicle,,2017,7,21,11,10
,,NA,,0,0,0,000000,Error: No vehicle,,2017,7,21,11,10
,,NA,,0,0,0,000000,Error: No vehicle,,2017,7,21,11,10
,,NA,,0,0,0,000000,Error: No vehicle,,2017,7,21,11,10
,RD501_opfor_unit_B1,NA,,2027.28,1399.41,0.00143957,020013,'Crag',SWLB_clone_base_P2,2017,7,21,11,10
,JLTS_Clone_P2_DC15A_501,NA,,8260.55,5088.81,-0.00989914,082050,B1 - 25627,RD501_opfor_unit_B1_crew,2017,7,21,11,10
,RD501_Vulture,NA,,757.911,8631.02,303.298,007086,Jackson,B_UAV_AI,2017,7,21,11,10
,RD501_opfor_unit_B1_pilot,NA,,758.174,8628.75,309.277,007086,Jackson,B_UAV_AI,2017,7,21,11,10
,SWLB_clone_base_P2,NA,,1766.68,1175.14,-0.00904512,017011,0596,RD501_opfor_unit_B1,2017,7,21,11,10
,JLTS_Clone_P2_DC15A_501,NA,,8264.38,5107.06,0.00113392,082051,B1 - 20738,RD501_AAT_Brown,2017,7,21,11,10
,JLTS_Clone_P2_marksman_501,NA,,8263.82,5111.01,0.00110912,082051,B1 - 20738,RD501_AAT_Brown,2017,7,21,11,10
,RD501_Vulture,NA,,3007.57,8605.04,147.671,030086,CX-X Saltopus,JLTS_Clone_P2_DC15A_501,2017,7,21,11,11
,RD501_opfor_unit_B1_pilot,NA,,3009.29,8605.37,155.039,030086,CX-X Saltopus,JLTS_Clone_P2_DC15A_501,2017,7,21,11,11
,JLTS_Clone_P2_marksman_501,NA,,8266.79,5045.22,0.0843239,082050,B1 - 25627,RD501_opfor_unit_B1_crew,2017,7,21,11,11
,JLTS_Clone_P2_sergeantmajor_501,NA,,8263.18,5061.57,0.129582,082050,B1 - 25627,RD501_opfor_unit_B1_crew,2017,7,21,11,11
,RD501_arc_170_razor,NA,,3545.04,7979.66,375.967,035079,Roberts,B_UAV_AI,2017,7,21,11,11
,JLTS_Clone_P2_marksman_501,NA,,8269.64,5046.78,-0.0046196,082050,B1 - 25627,RD501_opfor_unit_B1_crew,2017,7,21,11,11
,JLTS_Clone_P2_DC15A_501,NA,,8263.9,5061.43,0.00143909,082050,B1 - 20738,RD501_AAT_Brown,2017,7,21,11,11
,JLTS_Clone_P2_corporal_501,NA,,8261.23,5062.6,0.00143909,082050,B1 - 20738,RD501_AAT_Brown,2017,7,21,11,11
,JLTS_Clone_P2_DC15A_501,NA,,8261.75,5061.7,0.00143909,082050,B1 - 20738,RD501_AAT_Brown,2017,7,21,11,11
,SWLB_clone_base_P2,NA,,1734.76,1180.77,0.300045,017011,4184,RD501_opfor_unit_B1,2017,7,21,11,11
,JLTS_Clone_P2_medic_501,NA,,8259.78,5066.55,0.00143909,082050,B1 - 20738,RD501_AAT_Brown,2017,7,21,11,11
,RD501_opfor_unit_B1_shotgun,NA,,2050,1363.52,0.00143909,020013,'Engle',SWLB_clone_base_P2,2017,7,21,11,11
,SWLB_clone_base_P2,NA,,1741.38,1175.33,0.00137281,017011,6365,RD501_opfor_unit_B1_heavy,2017,7,21,11,11
,JLTS_Clone_P2_at_501,NA,,8255.93,5075.51,0.0126123,082050,B1 - 25627,RD501_opfor_unit_B1_crew,2017,7,21,11,11
,JLTS_Clone_P2_sergeantmajor_501,NA,,8256.3,5092.38,0.0229578,082050,B1 - 25627,RD501_opfor_unit_B1_crew,2017,7,21,11,11
,JLTS_Clone_P2_sergeantmajor_501,NA,,8406.33,4670.21,0.0270538,084046,B1 - 60661,RD501_opfor_unit_B1,2017,7,21,11,11
,RD501_opfor_unit_B1,NA,,8461.33,4652.4,0.0310264,084046,CT - 8165,JLTS_Clone_P2_marksman_501,2017,7,21,11,11
,RD501_Vulture,NA,,686.578,9110.59,226.658,006091,Jackson,B_UAV_AI,2017,7,21,11,11
,RD501_opfor_unit_B1_pilot,NA,,688.689,9109.73,232.694,006091,Jackson,B_UAV_AI,2017,7,21,11,11
,JLTS_Clone_P2_marksman_501,NA,,8250.88,5112.67,0.00143051,082051,B1 - 25627,RD501_opfor_unit_B1_crew,2017,7,21,11,11
,JLTS_Clone_P2_marksman_501,NA,,8251.46,5118.11,0.00146389,082051,B1 - 25627,RD501_opfor_unit_B1_crew,2017,7,21,11,11
,JLTS_Clone_P2_marksman_501,NA,,8261.32,5062.47,0.00143909,082050,B1 - 20738,RD501_AAT_Brown,2017,7,21,11,11
,Land_Dum_rasovna,NA,,8180.43,5181.83,-0.047658,081051,7529,RD501_opfor_unit_B1_crew,2017,7,21,11,11
,,NA,,0,0,0,000000,Error: No vehicle,,2017,7,21,11,11
,,NA,,0,0,0,000000,Error: No vehicle,,2017,7,21,11,11
,,NA,,0,0,0,000000,Error: No vehicle,,2017,7,21,11,11
,,NA,,0,0,0,000000,Error: No vehicle,,2017,7,21,11,11
,,NA,,0,0,0,000000,Error: No vehicle,,2017,7,21,11,11
,,NA,,0,0,0,000000,Error: No vehicle,,2017,7,21,11,11
,,NA,,0,0,0,000000,Error: No vehicle,,2017,7,21,11,11
,,NA,,0,0,0,000000,Error: No vehicle,,2017,7,21,11,11
,Land_Deutshe_mini,NA,,8048.56,5301.42,-2.14916,080053,7529,RD501_opfor_unit_B1_crew,2017,7,21,11,11
,,NA,,0,0,0,000000,Error: No vehicle,,2017,7,21,11,11
,,NA,,0,0,0,000000,Error: No vehicle,,2017,7,21,11,11
,,NA,,0,0,0,000000,Error: No vehicle,,2017,7,21,11,11
,,NA,,0,0,0,000000,Error: No vehicle,,2017,7,21,11,11
,,NA,,0,0,0,000000,Error: No vehicle,,2017,7,21,11,11
,,NA,,0,0,0,000000,Error: No vehicle,,2017,7,21,11,11
,,NA,,0,0,0,000000,Error: No vehicle,,2017,7,21,11,11
,,NA,,0,0,0,000000,Error: No vehicle,,2017,7,21,11,11
,JLTS_Clone_P2_DC15A_501,NA,,8216.73,5181.05,0.00143909,082051,7529,RD501_cis_gat,2017,7,21,11,11
CX-X Saltopus,JLTS_Clone_P2_DC15A_501,AIR,Razor 2-2 (B),3544.37,8216.23,7.4932,035082,CX-X Saltopus,JLTS_Clone_P2_DC15A_501,2017,7,21,11,11
,RD501_opfor_unit_B1,NA,,1749.12,1371.25,0.00143909,017013,'Engle',SWLB_clone_base_P2,2017,7,21,11,11
,RD501_opfor_unit_B1,NA,,8455.34,4651.2,0.00143862,084046,CT - 8165,JLTS_Clone_P2_marksman_501,2017,7,21,11,11
,JLTS_Clone_P2_marksman_501,NA,,8398.18,4659.1,0.00143862,083046,B1 - 92060,RD501_opfor_unit_B1,2017,7,21,11,12
,JLTS_Clone_P2_at_501,NA,,8261.69,5071.19,0.00856304,082050,B1 - 25627,RD501_opfor_unit_B1_crew,2017,7,21,11,12
,Land_Deutshe_mini,NA,,8035.06,5392.55,-1.16639,080053,7529,RD501_opfor_unit_B1_crew,2017,7,21,11,12
,,NA,,0,0,0,000000,Error: No vehicle,,2017,7,21,11,12
,,NA,,0,0,0,000000,Error: No vehicle,,2017,7,21,11,12
,,NA,,0,0,0,000000,Error: No vehicle,,2017,7,21,11,12
,,NA,,0,0,0,000000,Error: No vehicle,,2017,7,21,11,12
,,NA,,0,0,0,000000,Error: No vehicle,,2017,7,21,11,12
,,NA,,0,0,0,000000,Error: No vehicle,,2017,7,21,11,12
,,NA,,0,0,0,000000,Error: No vehicle,,2017,7,21,11,12
,,NA,,0,0,0,000000,Error: No vehicle,,2017,7,21,11,12
,Land_Sara_Domek_sedy,NA,,8186.04,5179.39,-0.764536,081051,7529,RD501_opfor_unit_B1_crew,2017,7,21,11,12
,,NA,,0,0,0,000000,Error: No vehicle,,2017,7,21,11,12
,,NA,,0,0,0,000000,Error: No vehicle,,2017,7,21,11,12
,,NA,,0,0,0,000000,Error: No vehicle,,2017,7,21,11,12
,,NA,,0,0,0,000000,Error: No vehicle,,2017,7,21,11,12
,,NA,,0,0,0,000000,Error: No vehicle,,2017,7,21,11,12
,,NA,,0,0,0,000000,Error: No vehicle,,2017,7,21,11,12
,,NA,,0,0,0,000000,Error: No vehicle,,2017,7,21,11,12
,Land_Sara_domek_zluty,NA,,8046.34,5319.38,-0.447325,080053,7529,RD501_opfor_unit_B1_crew,2017,7,21,11,12
,,NA,,0,0,0,000000,Error: No vehicle,,2017,7,21,11,12
,,NA,,0,0,0,000000,Error: No vehicle,,2017,7,21,11,12
,,NA,,0,0,0,000000,Error: No vehicle,,2017,7,21,11,12
,,NA,,0,0,0,000000,Error: No vehicle,,2017,7,21,11,12
,,NA,,0,0,0,000000,Error: No vehicle,,2017,7,21,11,12
,,NA,,0,0,0,000000,Error: No vehicle,,2017,7,21,11,12
,,NA,,0,0,0,000000,Error: No vehicle,,2017,7,21,11,12
,,NA,,0,0,0,000000,Error: No vehicle,,2017,7,21,11,12
,SWLB_clone_base_P2,NA,,1741.7,1168.76,0.187605,017011,OOM - 4817,RD501_opfor_unit_B1_AA,2017,7,21,11,13
,RD501_warden_tank_mobile,NA,,741.91,9638.41,15.1263,007096,Error: No vehicle,,2017,7,21,11,14
,Land_LampShabby_F,NA,,1193.12,9304.71,-3.59544,011093,Error: No vehicle,,2017,7,21,11,14
,,NA,,0,0,0,000000,Error: No vehicle,,2017,7,21,11,14
,,NA,,0,0,0,000000,Error: No vehicle,,2017,7,21,11,14
,,NA,,0,0,0,000000,Error: No vehicle,,2017,7,21,11,14
,,NA,,0,0,0,000000,Error: No vehicle,,2017,7,21,11,14
,,NA,,0,0,0,000000,Error: No vehicle,,2017,7,21,11,14
,,NA,,0,0,0,000000,Error: No vehicle,,2017,7,21,11,14
,,NA,,0,0,0,000000,Error: No vehicle,,2017,7,21,11,14
,,NA,,0,0,0,000000,Error: No vehicle,,2017,7,21,11,14
,RD501_Vulture,NA,,5142.79,4429.89,296.135,051044,CX-X Saltopus,JLTS_Clone_P2_DC15A_501,2017,7,21,11,14
,RD501_opfor_unit_B1_pilot,NA,,5141.01,4428.52,301.236,051044,CX-X Saltopus,JLTS_Clone_P2_DC15A_501,2017,7,21,11,14
,JLTS_Clone_P2_medic_501,NA,,8310.28,5271.64,0.100813,083052,B1 - 25627,RD501_opfor_unit_B1_crew,2017,7,21,11,14
,RD501_arc_170_razor,NA,,2869.74,5892.66,190.778,028058,9382,RD501_opfor_unit_B1_pilot,2017,7,21,11,14
CX-C Dagger,JLTS_Clone_P2_DC15A_501,AIR,Razor 1-2 (D),3053.89,5633.98,17.2947,030056,CX-C Dagger,JLTS_Clone_P2_DC15A_501,2017,7,21,11,14
,Land_a_stationhouse,NA,,907.39,9659.91,-0.00116348,009096,MacDonald,B_UAV_AI,2017,7,21,11,15
,RD501_Vulture,NA,,1106.72,5803.89,722.966,011058,Jones,B_UAV_AI,2017,7,21,11,15
,RD501_opfor_unit_B1_pilot,NA,,1108.28,5802.72,730.05,011058,Jones,B_UAV_AI,2017,7,21,11,15
,,NA,,0,0,0,000000,Error: No vehicle,,2017,7,21,11,15
,,NA,,0,0,0,000000,Error: No vehicle,,2017,7,21,11,15
,,NA,,0,0,0,000000,Error: No vehicle,,2017,7,21,11,15
,,NA,,0,0,0,000000,Error: No vehicle,,2017,7,21,11,15
,,NA,,0,0,0,000000,Error: No vehicle,,2017,7,21,11,15
,,NA,,0,0,0,000000,Error: No vehicle,,2017,7,21,11,15
,,NA,,0,0,0,000000,Error: No vehicle,,2017,7,21,11,15
,,NA,,0,0,0,000000,Error: No vehicle,,2017,7,21,11,15
,RD501_Vulture,NA,,628.006,9047.29,194.583,006090,Jackson,B_UAV_AI,2017,7,21,11,15
,RD501_opfor_unit_B1_pilot,NA,,628.502,9045.45,201.737,006090,Jackson,B_UAV_AI,2017,7,21,11,15
,RD501_Vulture,NA,,661.603,8986.63,282.745,006089,Jackson,B_UAV_AI,2017,7,21,11,15
,RD501_opfor_unit_B1_pilot,NA,,669.587,8975.14,291.176,006089,Jackson,B_UAV_AI,2017,7,21,11,15
,RD501_Vulture,NA,,19.3926,10084.2,69.6619,000100,MacDonald,B_UAV_AI,2017,7,21,11,15
,RD501_opfor_unit_B1_pilot,NA,,20.8397,10080.3,75.3104,000100,MacDonald,B_UAV_AI,2017,7,21,11,15
,RD501_Vulture,NA,,843.874,8678.38,175.758,008086,Jackson,B_UAV_AI,2017,7,21,11,15
,RD501_opfor_unit_B1_pilot,NA,,843.5,8676.5,182.897,008086,Jackson,B_UAV_AI,2017,7,21,11,15
,Land_Shed_Ind02,NA,,782.356,9199.61,-0.813324,007091,Jackson,RD501_Republic_SHORAD,2017,7,21,11,15
,,NA,,0,0,0,000000,Error: No vehicle,,2017,7,21,11,15
,,NA,,0,0,0,000000,Error: No vehicle,,2017,7,21,11,15
,,NA,,0,0,0,000000,Error: No vehicle,,2017,7,21,11,15
,,NA,,0,0,0,000000,Error: No vehicle,,2017,7,21,11,15
,,NA,,0,0,0,000000,Error: No vehicle,,2017,7,21,11,15
,,NA,,0,0,0,000000,Error: No vehicle,,2017,7,21,11,15
,RD501_Vulture,NA,,216.474,9207.15,104.184,002092,Jackson,B_UAV_AI,2017,7,21,11,15
,RD501_opfor_unit_B1_pilot,NA,,206.65,9221.32,111.548,002092,Jackson,B_UAV_AI,2017,7,21,11,15
,,NA,,0,0,0,000000,Error: No vehicle,,2017,7,21,11,15
,RD501_Vulture,NA,,-780.994,10561,101.851,992105,MacDonald,B_UAV_AI,2017,7,21,11,15
,RD501_opfor_unit_B1_pilot,NA,,-779.749,10562.9,108.154,992105,MacDonald,B_UAV_AI,2017,7,21,11,15
,RD501_arc_170_razor,NA,,3034.72,1474.51,395.922,030014,Edwards,B_UAV_AI,2017,7,21,11,16
,RD501_opfor_unit_B1,NA,,2909.69,1243.17,-1.96721,029012,Edwards,B_UAV_AI,2017,7,21,11,16
,RD501_opfor_unit_B1,NA,,2917.92,1241.21,-1.93023,029012,Edwards,B_UAV_AI,2017,7,21,11,16
,RD501_arc_170_blue,NA,,965.451,9401.39,-2.76131,009094,CX-X Mulkot,JLTS_Clone_P2_DC15A_501,2017,7,21,11,16
,Land_A_GeneralStore_01a,NA,,937.998,9441.14,-9.53674e-007,009094,CX-X Mulkot,JLTS_Clone_P2_DC15A_501,2017,7,21,11,16
,,NA,,0,0,0,000000,Error: No vehicle,,2017,7,21,11,16
,,NA,,0,0,0,000000,Error: No vehicle,,2017,7,21,11,16
,,NA,,0,0,0,000000,Error: No vehicle,,2017,7,21,11,16
,,NA,,0,0,0,000000,Error: No vehicle,,2017,7,21,11,16
,,NA,,0,0,0,000000,Error: No vehicle,,2017,7,21,11,16
,,NA,,0,0,0,000000,Error: No vehicle,,2017,7,21,11,16
,,NA,,0,0,0,000000,Error: No vehicle,,2017,7,21,11,16
CX-X Mulkot,JLTS_Clone_P2_DC15A_501,AIR,Razor 3-1 (D),939.995,9445.98,0.000781059,009094,Error: No vehicle,,2017,7,21,11,16
,RD501_Vulture,NA,,575.957,8198.34,55.9542,005081,MacDonald,B_UAV_AI,2017,7,21,11,16
,RD501_opfor_unit_B1_pilot,NA,,575.085,8196.26,62.1947,005081,MacDonald,B_UAV_AI,2017,7,21,11,16
CX-X Saltopus,JLTS_Clone_P2_DC15A_501,AIR,Razor 2-2 (B),595.043,1164.54,5.03032,005011,Error: No vehicle,,2017,7,21,11,16
,RD501_AAT_Brown,NA,,8257.75,5055.68,-0.309152,082050,CT - 27839,JLTS_Clone_P2_at_501,2017,7,21,11,16
,RD501_opfor_unit_B1_crew,NA,,8257.75,5055.68,-0.234615,082050,CT - 27839,JLTS_Clone_P2_at_501,2017,7,21,11,16
,RD501_opfor_unit_B1_crew,NA,,8257.75,5055.68,-0.234615,082050,CT - 27839,JLTS_Clone_P2_at_501,2017,7,21,11,16
,RD501_opfor_unit_B1_crew,NA,,8257.75,5055.68,-0.234615,082050,CT - 27839,JLTS_Clone_P2_at_501,2017,7,21,11,16
,RD501_arc_170_razor,NA,,5246.13,3269.16,49.3796,052032,Roberts,B_UAV_AI,2017,7,21,11,19
CX-C Dagger,JLTS_Clone_P2_DC15A_501,AIR,Razor 1-2 (D),5094.01,2983.93,22.8439,050029,CX-C Dagger,JLTS_Clone_P2_DC15A_501,2017,7,21,11,19
,Land_Misc_deerstand,NA,,6821.36,1044.44,-9.53674e-007,068010,Roberts,B_UAV_AI,2017,7,21,11,20
,,NA,,0,0,0,000000,Error: No vehicle,,2017,7,21,11,20
,,NA,,0,0,0,000000,Error: No vehicle,,2017,7,21,11,20
,,NA,,0,0,0,000000,Error: No vehicle,,2017,7,21,11,20
,,NA,,0,0,0,000000,Error: No vehicle,,2017,7,21,11,20
,,NA,,0,0,0,000000,Error: No vehicle,,2017,7,21,11,20
,,NA,,0,0,0,000000,Error: No vehicle,,2017,7,21,11,20
,,NA,,0,0,0,000000,Error: No vehicle,,2017,7,21,11,20
,RD501_CIS_Static_AA_LR_ML_Inactive,NA,,6849.3,1005.22,-1.09811,068010,Roberts,B_UAV_AI,2017,7,21,11,20
,B_UAV_AI,NA,,6849.3,1005.22,2.64161,068010,Error: No vehicle,,2017,7,21,11,20
,RD501_arc_170_razor,NA,,3320.32,3614.08,446.75,033036,Leahy,B_UAV_AI,2017,7,21,11,20
,JLTS_Clone_P2_DC15A_501,NA,,8278.69,5279.31,0.00143909,082052,7529,RD501_opfor_unit_B1_crew,2017,7,21,11,20
,JLTS_Clone_P2_sergeantmajor_501,NA,,8189.6,5191.7,0.00143909,081051,7529,RD501_opfor_unit_B1_crew,2017,7,21,11,20
,JLTS_Clone_P2_marksman_501,NA,,8181.98,5196.99,0.00143909,081051,7529,RD501_opfor_unit_B1_crew,2017,7,21,11,20
,Land_Dum_rasovna,NA,,8211.21,5200.1,-0.0475998,082052,7529,RD501_opfor_unit_B1_crew,2017,7,21,11,20
,,NA,,0,0,0,000000,Error: No vehicle,,2017,7,21,11,20
,,NA,,0,0,0,000000,Error: No vehicle,,2017,7,21,11,20
,,NA,,0,0,0,000000,Error: No vehicle,,2017,7,21,11,20
,,NA,,0,0,0,000000,Error: No vehicle,,2017,7,21,11,20
,,NA,,0,0,0,000000,Error: No vehicle,,2017,7,21,11,20
,,NA,,0,0,0,000000,Error: No vehicle,,2017,7,21,11,20
,,NA,,0,0,0,000000,Error: No vehicle,,2017,7,21,11,20
,,NA,,0,0,0,000000,Error: No vehicle,,2017,7,21,11,20
CX-X Saltopus,JLTS_Clone_P2_DC15A_501,AIR,Razor 2-2 (B),3298.31,4455.98,6.04688,032044,CX-X Saltopus,JLTS_Clone_P2_DC15A_501,2017,7,21,11,20
,Land_LampShabby_F,NA,,8266.54,5282.15,-3.84816,082052,7529,RD501_opfor_unit_B1_crew,2017,7,21,11,20
,,NA,,0,0,0,000000,Error: No vehicle,,2017,7,21,11,20
,,NA,,0,0,0,000000,Error: No vehicle,,2017,7,21,11,20
,Land_Cihlovej_Dum_mini,NA,,8277.74,5285.48,-0.217849,082052,7529,RD501_opfor_unit_B1_crew,2017,7,21,11,20
,,NA,,0,0,0,000000,Error: No vehicle,,2017,7,21,11,20
,,NA,,0,0,0,000000,Error: No vehicle,,2017,7,21,11,20
,,NA,,0,0,0,000000,Error: No vehicle,,2017,7,21,11,20
,,NA,,0,0,0,000000,Error: No vehicle,,2017,7,21,11,20
,,NA,,0,0,0,000000,Error: No vehicle,,2017,7,21,11,20
,,NA,,0,0,0,000000,Error: No vehicle,,2017,7,21,11,20
,,NA,,0,0,0,000000,Error: No vehicle,,2017,7,21,11,20
,,NA,,0,0,0,000000,Error: No vehicle,,2017,7,21,11,20
,JLTS_Clone_P2_DC15A_501,NA,,8278.48,5283.04,0.00143814,082052,7529,RD501_opfor_unit_B1_crew,2017,7,21,11,20
,,NA,,0,0,0,000000,Error: No vehicle,,2017,7,21,11,20
,,NA,,0,0,0,000000,Error: No vehicle,,2017,7,21,11,20
,,NA,,0,0,0,000000,Error: No vehicle,,2017,7,21,11,20
,,NA,,0,0,0,000000,Error: No vehicle,,2017,7,21,11,20
,SWLB_clone_sg_base_P2,NA,,2497.6,1396.37,15242,024013,'Mad Dog',SWLB_clone_sg_base_P2,2017,7,21,11,20
,Land_Sara_Domek_sedy,NA,,8206.24,5181.1,-0.780648,082051,7529,RD501_opfor_unit_B1_crew,2017,7,21,11,20
,,NA,,0,0,0,000000,Error: No vehicle,,2017,7,21,11,20
,,NA,,0,0,0,000000,Error: No vehicle,,2017,7,21,11,20
,,NA,,0,0,0,000000,Error: No vehicle,,2017,7,21,11,20
,,NA,,0,0,0,000000,Error: No vehicle,,2017,7,21,11,20
,JLTS_Clone_P2_corporal_501,NA,,8192.5,5189.63,0.00143909,081051,7529,RD501_opfor_unit_B1_crew,2017,7,21,11,20
,JLTS_Clone_P2_DC15A_501,NA,,8196.39,5179.94,0.00143909,081051,7529,RD501_opfor_unit_B1_crew,2017,7,21,11,20
,,NA,,0,0,0,000000,Error: No vehicle,,2017,7,21,11,20
,,NA,,0,0,0,000000,Error: No vehicle,,2017,7,21,11,20
,JLTS_Clone_P2_DC15A_501,NA,,8210.37,5187.5,0.00143909,082051,7529,RD501_cis_gat,2017,7,21,11,20
,JLTS_Clone_P2_marksman_501,NA,,8212.49,5185.87,0.00143909,082051,7529,RD501_cis_gat,2017,7,21,11,20
,,NA,,0,0,0,000000,Error: No vehicle,,2017,7,21,11,20
,JLTS_Clone_P2_medic_501,NA,,8203.11,5198.47,0.00143909,082051,7529,RD501_cis_gat,2017,7,21,11,20
,JLTS_Clone_P2_sergeant_501,NA,,8140.68,4935.35,0.00167084,081049,B1 - 475853,RD501_opfor_unit_B1_crew,2017,7,21,11,21
,JLTS_Clone_P2_at_501,NA,,8139.02,4963.57,0.00147295,081049,7529,RD501_opfor_unit_B1_crew,2017,7,21,11,21
,JLTS_Clone_P2_at_501,NA,,8148.63,4964.74,0.00141191,081049,7529,RD501_opfor_unit_B1_crew,2017,7,21,11,21
,JLTS_Clone_P2_at_501,NA,,8133,4974.4,0.00180149,081049,7529,RD501_opfor_unit_B1_crew,2017,7,21,11,21
,JLTS_Clone_P2_sergeant_501,NA,,8140.04,4964.88,0.00145864,081049,7529,RD501_opfor_unit_B1_crew,2017,7,21,11,21
,JLTS_Clone_P2_corporal_501,NA,,8136.93,4968.87,0.00148249,081049,7529,RD501_opfor_unit_B1_crew,2017,7,21,11,21
,JLTS_Clone_P2_at_501,NA,,8136.48,4969.58,0.00137329,081049,7529,RD501_cis_gat,2017,7,21,11,21
,76n6ClamShell_EP1,NA,,6474.56,3722.67,-0.837578,064037,Error: No unit,76n6ClamShell_EP1,2017,7,21,11,21
,JLTS_Clone_P2_corporal_501,NA,,8130.45,4966.98,0.00232887,081049,B1 - 10495,RD501_opfor_unit_B1,2017,7,21,11,22
,JLTS_Clone_P2_at_501,NA,,8296.37,5190.06,0.00144005,082051,7529,RD501_opfor_unit_B1_crew,2017,7,21,11,22
,RD501_warden_tank_mobile,NA,,748.581,9636.46,-0.0206051,007096,Error: No vehicle,,2017,7,21,11,23
,RD501_LAAT_MKIII_Balls,NA,,748.573,9636.05,7.82013e-005,007096,Error: No vehicle,,2017,7,21,11,23
,RD501_Vulture,NA,,564.45,9928.98,373.028,005099,Jackson,B_UAV_AI,2017,7,21,11,23
,RD501_opfor_unit_B1_pilot,NA,,565.069,9930.89,380.031,005099,Jackson,B_UAV_AI,2017,7,21,11,23
,RD501_v19_MKI,NA,,3633.83,3029.78,183.167,036030,MacDonald,B_UAV_AI,2017,7,21,11,23
CX-C Dagger,JLTS_Clone_P2_DC15A_501,AIR,Razor 1-2 (D),4985.38,1932.74,79.7406,049019,CX-C Dagger,JLTS_Clone_P2_DC15A_501,2017,7,21,11,23
,RD501_Vulture,NA,,-40.3681,8494.66,143.175,999084,Jackson,B_UAV_AI,2017,7,21,11,23
,RD501_opfor_unit_B1_pilot,NA,,-41.4429,8496.32,150.239,999084,Jackson,B_UAV_AI,2017,7,21,11,23
,JLTS_Clone_P2_sergeantmajor_501,NA,,8375.23,4961.22,0.00163174,083049,B1 - 75200,RD501_opfor_unit_B1,2017,7,21,11,24
,RD501_opfor_unit_B1,NA,,8345.71,4958.15,0.00141525,083049,CT - 9418,JLTS_Clone_P2_marksman_501,2017,7,21,11,24
,RD501_opfor_unit_B1,NA,,8344.26,4955.91,0.00143051,083049,CT - 3464,JLTS_Clone_P2_marksman_501,2017,7,21,11,24
,RD501_Vulture,NA,,622.105,8070.42,70.2582,006080,MacDonald,B_UAV_AI,2017,7,21,11,24
,RD501_opfor_unit_B1_pilot,NA,,621.475,8068.24,76.2156,006080,MacDonald,B_UAV_AI,2017,7,21,11,24
,Land_Mil_Barracks_i,NA,,365.228,9317.37,-0.707127,003093,Jackson,B_UAV_AI,2017,7,21,11,24
,,NA,,0,0,0,000000,Error: No vehicle,,2017,7,21,11,24
,,NA,,0,0,0,000000,Error: No vehicle,,2017,7,21,11,24
,,NA,,0,0,0,000000,Error: No vehicle,,2017,7,21,11,24
,,NA,,0,0,0,000000,Error: No vehicle,,2017,7,21,11,24
,,NA,,0,0,0,000000,Error: No vehicle,,2017,7,21,11,24
,,NA,,0,0,0,000000,Error: No vehicle,,2017,7,21,11,24
,,NA,,0,0,0,000000,Error: No vehicle,,2017,7,21,11,24
,SWLB_clone_medic_base_P2,NA,,2571.73,814.934,0.00143814,025008,Adams,SWLB_clone_medic_base_P2,2017,7,21,11,24
,SWLB_clone_RTO_base_P2,NA,,2397.68,825.867,0.00158119,023008,'Ras',SWLB_clone_RTO_base_P2,2017,7,21,11,24
,SWLB_clone_assault_base_P2,NA,,2346.57,1287.19,7.57361,023012,'Arkat',SWLB_clone_assault_base_P2,2017,7,21,11,24
,SWLB_clone_base_P2,NA,,2738.23,1187.77,0.00121689,027011,'Ross',SWLB_clone_base_P2,2017,7,21,11,24
,SWLB_clone_base_P2,NA,,2526.44,1309.2,0.000812531,025013,'Spike',SWLB_clone_base_P2,2017,7,21,11,24
,SWLB_clone_medic_base_P2,NA,,2259.11,1219.49,0.00110054,022012,Sissman,SWLB_clone_medic_base_P2,2017,7,21,11,24
,SWLB_clone_RTO_base_P2,NA,,2394.59,881.095,0.00187492,023008,'Deadeye',SWLB_clone_RTO_base_P2,2017,7,21,11,24
,SWLB_clone_base_P2,NA,,2739.22,910.768,1.33985,027009,'Raven',SWLB_clone_base_P2,2017,7,21,11,24
,SWLB_clone_sg_base_P2,NA,,2756.75,928.437,0.00133514,027009,'Freestyle',SWLB_clone_sg_base_P2,2017,7,21,11,24
,SWLB_clone_assault_base_P2,NA,,2248.29,925.073,0.00143814,022009,'Herc',SWLB_clone_assault_base_P2,2017,7,21,11,24
,SWLB_clone_base_P2,NA,,2780.14,1035.77,0.00134039,027010,'Hex',SWLB_clone_base_P2,2017,7,21,11,24
,SWLB_clone_at_base_P2,NA,,2800,992.267,0.00177908,028009,'Carg',SWLB_clone_at_base_P2,2017,7,21,11,24
,RD501_opfor_unit_B1,NA,,8273.58,4888.15,0.00143909,082048,CT - 3296,JLTS_Clone_P2_corporal_501,2017,7,21,11,24
,RD501_Vulture,NA,,525.594,10607.6,192.288,005106,CX-C Dagger,JLTS_Clone_P2_DC15A_501,2017,7,21,11,24
,RD501_opfor_unit_B1_pilot,NA,,525.493,10609,199.99,005106,CX-C Dagger,JLTS_Clone_P2_DC15A_501,2017,7,21,11,24
,RD501_opfor_unit_B1,NA,,8276.11,4891.25,0.00155067,082048,CT - 9418,JLTS_Clone_P2_marksman_501,2017,7,21,11,24
,RD501_Vulture,NA,,2870.6,12583,179.955,028125,CX-C Dagger,JLTS_Clone_P2_DC15A_501,2017,7,21,11,25
,RD501_opfor_unit_B1_pilot,NA,,2872.13,12581.5,185.019,028125,CX-C Dagger,JLTS_Clone_P2_DC15A_501,2017,7,21,11,25
,JLTS_Clone_P2_marksman_501,NA,,8274.37,4977.12,0.00143909,082049,7529,RD501_opfor_unit_B1_crew,2017,7,21,11,25
,JLTS_Clone_P2_medic_501,NA,,8289.63,4987.58,0.00143909,082049,7529,RD501_cis_gat,2017,7,21,11,25
,JLTS_Clone_P2_corporal_501,NA,,8373.89,4963.91,0.00143909,083049,B1 - 167477,RD501_opfor_unit_B1,2017,7,21,11,26
,JLTS_Clone_P2_marksman_501,NA,,8381.18,4969.45,0.00145435,083049,B1 - 65097,RD501_opfor_unit_B1,2017,7,21,11,26
,JLTS_Clone_P2_at_501,NA,,6404.11,3404.94,0.00131226,064034,73852,RD501_opfor_unit_B1_crew,2017,7,21,11,26
,RD501_AAT_Brown,NA,,6360.75,3633.57,-0.0748396,063036,CX-X Diablo,JLTS_Clone_P2_DC15A_501,2017,7,21,11,26
,RD501_opfor_unit_B1_crew,NA,,6360.75,3633.57,0,063036,CX-X Diablo,JLTS_Clone_P2_DC15A_501,2017,7,21,11,26
,RD501_opfor_unit_B1_crew,NA,,6360.75,3633.57,0,063036,CX-X Diablo,JLTS_Clone_P2_DC15A_501,2017,7,21,11,26
,RD501_opfor_unit_B1_crew,NA,,6360.75,3633.57,0,063036,CX-X Diablo,JLTS_Clone_P2_DC15A_501,2017,7,21,11,26
,RD501_Vulture,NA,,3325.6,2718.78,369.757,033027,Edwards,B_UAV_AI,2017,7,21,11,28
,RD501_opfor_unit_B1_pilot,NA,,3325.57,2720.41,376.544,033027,Edwards,B_UAV_AI,2017,7,21,11,28
,RD501_v19_MKI,NA,,4657.24,1844.63,224.012,046018,Spiegelman,B_UAV_AI,2017,7,21,11,28
,RD501_LAAT_MKIII_Balls,NA,,6410.53,2589.1,18.0263,064025,CX-C Moony,JLTS_Clone_P2_DC15A_501,2017,7,21,11,28
,JLTS_Clone_P2_at_501,NA,,8242.86,4985.46,0.00143909,082049,B1 - 64041,RD501_opfor_unit_B1,2017,7,21,11,28
CX-C Dagger,JLTS_Clone_P2_DC15A_501,AIR,Razor 1-2 (D),6089.58,1667.31,6.33516,060016,CX-C Dagger,JLTS_Clone_P2_DC15A_501,2017,7,21,11,28